emd_zone;iris_zone;activity_amount
001002;670860000;1
001003;671300104;6
001004;671300101;9
001004;671300102;82
001004;671300103;6
001004;671300104;9
001005;671300103;1
001005;671300104;16
001006;671300103;121
001007;671300101;47
001007;671300102;2
001007;671300104;11
001008;671300104;20
001009;671300103;4
001010;671300101;2
001011;671300104;5
001012;671300104;11
001013;671300104;4
001014;671300104;10
001015;671300103;32
001016;671300104;3
001017;671300104;4
001018;671300103;2
001019;671300102;29
001020;671540000;2
001021;671540000;36
001022;671540000;16
001023;671540000;4
001024;671540000;7
001026;671970000;12
001028;672000000;13
001029;672170000;3
001030;672660000;22
001031;673360000;7
001032;673360000;17
001033;673360000;14
001034;673360000;29
001035;673360000;7
001036;673380000;2
001037;673380000;12
001038;673380000;7
001039;673640000;11
001040;674380000;26
001041;675010000;10
001042;675260000;3
001043;672170000;3
002001;670010000;6
002001;673500000;1
002002;670010000;37
002003;670010000;33
002004;670010000;59
002005;670010000;26
002006;670010000;3
002007;670650000;40
002007;672260000;1
002008;671080000;6
002009;671080000;43
002010;671080000;43
002011;671080000;16
002011;671120000;3
002012;671080000;4
002014;670650000;1
002014;671820000;8
002015;671820000;53
002016;671820000;74
002017;671820000;8
002017;672120000;1
002018;671820000;1
002019;672470000;49
002020;673630000;13
003001;670340000;21
003002;670340000;18
003003;670340000;10
003004;670340000;50
003005;671090000;22
003006;671630000;19
003007;671730000;31
003008;671380000;1
003008;672280000;7
003009;672280000;9
003010;672360000;12
003011;672530000;11
003012;674950000;27
003013;673750000;64
003014;674060000;10
003015;674520000;15
003016;674520000;15
003017;674520000;9
003018;670340000;1
003018;674950000;2
003019;674950000;48
003020;674950000;53
003021;674950000;53
003022;674950000;29
003023;674950000;28
003024;675320000;1
003025;675320000;20
003026;675320000;3
004001;670330000;10
004001;670670101;1
004002;670390000;7
004003;670670101;1
004003;670670103;4
004003;670670104;12
004004;670670103;45
004005;670670103;10
004006;670670101;7
004007;670670101;25
004008;670670101;56
004008;670670102;17
004009;670670102;29
004010;670670102;46
004010;670670103;11
004011;670670102;36
004012;670670102;1
004012;670670103;4
004012;670670104;11
004013;670670103;17
004013;670670104;48
004014;670670101;17
004014;670670103;7
004016;670670103;6
004016;670670104;14
004017;671000000;1
004018;671560000;3
004019;671560000;18
004020;671560000;11
004021;672490000;12
004022;672500000;8
004023;672980000;24
004024;673010000;3
004025;673010000;15
004026;673010000;12
004027;673010000;4
004031;673010000;6
004032;673610000;17
004033;674170000;2
005001;670380000;6
005002;671510000;6
005003;671510000;3
005004;671510000;13
005005;671510000;7
005006;671510000;16
005007;671510000;24
005008;671510000;34
005009;671510000;3
005010;671510000;4
005011;671690000;4
005013;671690000;30
005014;671690000;40
005015;672050000;6
005016;672050000;11
005017;672050000;33
005018;672050000;31
005019;672050000;13
005020;672050000;11
005021;672050000;9
005022;672050000;6
005023;672050000;16
005024;672370000;5
005025;672370000;13
005026;672370000;1
005027;672370000;24
005028;672370000;13
005030;672370000;7
005031;672520000;2
005032;672520000;5
005033;672520000;6
005034;675230000;66
005035;675290000;4
005036;675290000;3
005037;675290000;8
005038;675290000;9
005039;675290000;20
005040;675290000;23
005041;675290000;11
005042;675290000;16
006001;671310000;2
006002;671310000;78
006003;671310000;11
006004;671310000;15
006005;671310000;22
006006;671310000;2
006007;671310000;26
006008;671370000;3
006009;671370000;71
006009;672170000;6
006010;671370000;38
006011;671370000;30
006012;671370000;51
006013;671370000;39
006014;671370000;5
006015;672680000;1
006016;672680000;11
006017;672680000;9
006018;672680000;7
006019;672680000;4
006020;673780000;14
006021;673780000;42
006022;673780000;20
006023;673780000;2
006024;673780000;35
007001;670490000;46
007002;671240000;1
007003;671240000;30
007004;671240000;17
007005;671080000;1
007005;671240000;14
007007;671240000;16
007008;671520101;14
007008;671520102;6
007009;671520101;88
007010;671520101;20
007011;671520101;44
007012;671520102;30
007013;671520102;37
007014;671520102;24
007015;671520102;27
007016;671520102;27
007017;671520102;37
007018;671520102;62
007019;671520102;10
007022;672120000;3
007023;672120000;9
007024;672120000;43
007025;672120000;24
007026;672120000;14
007027;672120000;24
008001;671180101;6
008001;671180102;10
008001;673430000;1
008002;671180102;81
008003;671180102;86
008004;671180101;33
008004;671180102;24
008005;671180102;14
008006;671180101;64
008007;671180102;2
008008;671180101;35
008030;673500000;8
008031;673500000;29
008032;673500000;52
008033;671180102;1
008033;675510000;11
008034;675510000;37
008035;675510000;21
008036;675510000;16
008037;671180102;3
008037;675510000;35
008038;675510000;23
009001;671190000;29
009002;672560000;4
009003;672560000;10
009004;672560000;32
009005;672560000;20
009006;672560000;6
009007;672560000;14
009008;672560000;24
009009;673090101;1
009009;673090102;20
009009;673260000;1
009010;673090102;13
009011;672560000;2
009011;673090101;23
009011;673090102;2
009012;673090101;56
009012;673090102;2
009013;673090101;16
009013;673090102;57
009014;673090102;52
009015;673090102;27
009016;673090101;17
009016;673890000;1
009017;672560000;1
009017;673090101;29
009018;673090101;75
009018;673890000;2
009019;675060101;1
009019;675060102;22
009020;675060101;25
009020;675060102;1
009021;675060101;19
009022;675060101;26
009022;675060102;24
009023;675060102;14
009024;675060101;3
009024;675060102;16
009025;675060101;3
009025;675060102;3
009026;675060101;6
009026;675060102;22
009027;675060101;2
009028;675060102;29
009029;673090101;1
009029;675060102;68
009030;675060102;6
009031;675060102;2
009032;672560000;1
009032;675060102;8
010001;673890000;12
010002;673890000;19
010003;673890000;47
010004;673890000;29
010005;673890000;42
010006;673090101;2
010006;673890000;14
010007;673890000;15
010008;673890000;6
010009;673890000;9
010010;673890000;2
010011;674710101;6
010011;674710102;10
010012;673890000;2
010012;674710101;25
010012;674710102;15
010013;674710101;13
010013;674710102;10
010014;674710101;15
010015;674710101;30
010016;674710102;38
010017;674710102;16
010018;674710101;8
010019;674710101;26
010020;674710101;13
010021;675190101;2
010021;675190102;11
010022;675190102;15
010023;675190101;11
010023;675190102;1
010024;675190101;41
010024;675190102;44
010025;675190101;58
010025;675190102;5
010026;675190102;7
010027;675190102;3
010028;675190102;4
010029;675190102;15
011001;672180302;7
011001;672180303;42
011002;672180102;6
011002;672180302;22
011002;672180303;13
011003;672180101;2
011003;672180201;17
011003;672180303;103
011004;672180301;100
011005;672180201;56
011006;672180201;39
011007;672180202;58
011008;672180201;18
011009;672180201;148
011009;674822703;1
011010;672180202;11
011011;672180201;1
011011;672180203;19
011012;672180201;8
011012;672180303;2
011013;672180201;99
011014;672180201;70
011014;672180203;7
011015;672180201;19
011015;674822501;5
012001;672180101;3
012001;672180102;55
012001;672180103;3
012002;672180102;43
012002;672180104;33
012003;672180103;13
012003;672180104;18
012004;672180103;3
012004;672180104;74
012005;672180103;52
012005;672180202;15
012005;673650105;2
012006;672180104;55
012007;672180103;80
012008;672180102;29
012008;672180104;10
012009;672180101;50
012010;672180104;23
012011;671520102;1
012011;672180103;32
012011;673650105;1
013001;671180102;3
013001;672670101;55
013002;672670101;84
013003;671180102;1
013003;672670102;50
013004;672670102;4
013005;672670202;46
013005;672670203;74
013005;673650101;4
013006;672670203;53
013006;673650101;3
013007;672670201;46
013007;672670202;8
013007;672670302;4
013008;672670301;69
013009;672670301;10
013010;672670302;25
013011;672670302;59
013012;672670201;3
013012;674821402;1
014001;673650102;92
014001;674821401;1
014002;673650103;23
014002;673650104;42
014003;673650101;19
014003;673650104;27
014004;673650102;6
014004;673650103;9
014004;673650104;17
014005;673650102;14
014005;673650105;102
014006;673650105;28
014007;673650101;33
014008;673650101;2
014008;673650104;16
014008;673650105;54
015001;674821403;5
015001;674821404;2
015002;674821403;66
015003;674821401;1
015003;674821402;23
015003;674821403;28
015004;673650102;4
015004;674821401;85
015004;674821403;11
015005;674821402;18
015006;674821302;2
015006;674821404;15
015006;674821405;61
015007;674821405;21
015008;674821404;2
015009;674821403;1
015009;674821404;6
015009;674821405;5
016001;674821502;46
016002;674821501;56
016002;674821604;2
016003;674821503;43
016004;674821502;13
016005;674821604;3
016005;674821606;64
016006;674821606;36
016007;674821606;77
016008;674821404;1
016008;674821605;37
016009;674821604;17
016010;674821601;37
016010;674821603;7
016011;674820301;1
016011;674821503;17
017002;671180101;1
017002;673430000;3
017002;674821701;126
017002;674821706;40
017003;674821701;90
017004;674821705;13
017005;674821702;1
017005;674821705;89
017006;674821704;91
017006;674821705;1
017007;674821704;34
017007;674821705;49
017008;674821905;3
017009;674821703;6
017009;674821705;22
017010;673430000;1
017010;674821701;6
017010;674821703;109
017011;674821702;66
017011;674821703;1
017011;674821705;2
017012;674821905;1
018001;674821904;41
018002;674821902;22
018002;674821903;20
018003;674820303;1
018003;674821905;50
018004;674821801;68
018005;674821801;25
018006;674821803;17
018006;674821804;1
018006;674821805;65
018007;674821804;71
018008;674821802;48
018008;674821803;5
018008;674821804;19
018009;674821902;20
018009;674821903;35
018009;674821904;12
018010;674821801;6
018011;674821904;14
018012;674821902;1
018013;674821901;42
018014;674821901;22
019001;674470402;151
019002;674470402;40
019003;674470302;27
019003;674470401;62
019004;674470401;80
019005;674470402;13
019005;674470502;29
019006;674470502;38
019007;674470301;3
019007;674470501;52
019007;674470502;100
019008;674470103;1
019008;674470501;59
019009;673260000;1
019009;674470502;88
019010;672960000;1
019010;674470502;44
019010;674821805;3
019011;674470502;28
019011;674821802;1
019011;674821804;1
020001;674470301;18
020002;674470103;51
020003;674470301;55
020004;674470103;67
020005;674470203;6
020006;674470203;27
020007;674470202;85
020008;674470201;23
020009;674470202;36
020009;674470203;35
020010;674470301;33
020010;674470302;14
020011;674470201;42
020012;674470301;26
020013;674470301;2
020013;674470302;17
021001;670430102;40
021002;670430103;28
021003;670430103;67
021003;670430104;44
021003;674470201;3
021004;670430102;80
021004;672040104;1
021004;674470101;1
021005;670430104;17
021006;670430104;48
021007;670430201;34
021007;670430204;1
021007;674470302;1
021008;670430201;3
021008;670430203;68
021009;670430204;126
021009;674470401;1
021010;670430202;55
021011;670430201;38
021012;670430202;2
022001;674470102;35
022001;674820603;4
022002;674470101;44
022003;674822002;51
022003;674822103;1
022004;674822001;87
022005;674470102;124
023001;672040101;3
023001;672040102;39
023002;672040101;1
023002;672040102;47
023003;670430104;1
023003;672040102;55
023004;670430101;2
023004;672040104;7
023004;672040105;82
023004;674470101;9
023005;672040103;40
023005;672040104;69
023006;672040103;43
023007;672040101;5
023008;672040101;21
023009;672040101;53
023009;674470101;2
023011;670430101;20
024001;674822102;25
024002;674822102;17
024003;674822103;86
024004;674822103;8
024004;674822106;1
024005;674822103;4
024006;674822103;6
024007;674822106;18
024008;674822104;52
024008;674822105;40
024009;674822102;25
024010;674822101;63
024010;674822102;2
024011;674822101;59
024012;674822105;30
024012;674822106;34
024013;674822105;4
024014;674822106;16
024015;674822104;38
024016;674822102;3
024017;674822104;32
024018;674822106;9
025001;674822202;28
025002;674822203;10
025003;674822203;6
025004;674822202;22
025005;674822206;29
025006;674820803;28
025006;674820804;21
025007;674820602;1
025007;674820804;109
025008;674820804;55
025009;674820901;35
025010;674820802;102
025011;674820801;69
025012;674820803;36
025013;674820701;11
025013;674820901;1
025013;674820902;28
025013;674820903;26
025014;674820701;13
025014;674820902;52
025015;674820902;1
025015;674820903;52
025016;674822202;4
025017;674822205;7
025018;674822206;30
026001;674822201;12
026002;674822201;8
026003;674822201;18
026004;674822201;35
026005;674822204;7
026006;674822301;93
026007;674822301;12
026007;674822302;51
026008;674822303;30
026008;674822305;1
026009;674822303;36
026009;674822304;22
026010;674822304;68
026010;674822404;1
026011;674822302;47
026012;674822305;7
026013;674822305;3
026014;674822303;8
026015;674822204;2
027001;674822201;2
027001;674822801;8
027002;674822804;23
027003;674822801;18
027003;674822802;19
027004;674822804;18
027005;674822801;10
027005;674822802;5
027006;674822901;45
027007;674822901;58
027007;674822902;5
027008;674822901;2
027008;674822902;72
027008;674823003;1
027009;674823003;11
027010;674823003;21
027011;674823002;42
027012;674823001;5
027012;674823002;36
027013;674823002;10
027014;674823001;72
028001;674822502;4
028001;674822503;64
028002;674822501;64
028003;674822502;24
028003;674822503;1
028003;674822804;1
028004;674822601;3
028004;674822602;195
028005;674822501;67
028006;674822601;47
028007;674822501;16
028008;674822501;31
028009;674822501;59
028010;674822601;32
028010;674822602;8
028011;674822703;28
028012;674822702;32
028012;674822703;10
028012;674822804;30
028013;674822501;24
028014;674822502;16
028014;674822804;12
029001;674821301;63
029002;674821301;82
029002;674821302;171
029003;672180202;1
029003;674821301;76
029003;674822501;1
029004;674821301;5
029004;674821302;1
029004;674821303;22
029005;674821302;50
030001;674820305;197
030002;674820303;5
030002;674820304;81
030003;674820303;3
030003;674820305;83
030004;674820303;85
030004;674820304;14
030005;674820302;38
030005;674820303;13
030006;674820301;30
030006;674820302;22
030007;674820301;63
030008;674820303;115
030009;674820303;36
030009;674820304;14
031001;674820601;228
031001;674820602;4
031001;674821104;2
031002;674820601;65
031002;674820602;2
031003;674820601;19
031004;674820601;2
031004;674820602;63
031005;674820602;50
031006;674820602;14
031007;674820501;64
031007;674820502;57
031007;674820602;1
031007;674820603;2
031008;674820502;36
031008;674820503;37
031009;674820503;45
031010;674820501;25
031010;674820502;5
031010;674820503;1
031011;674820401;26
031012;674820402;71
031013;674820402;79
031014;674820305;3
031014;674820401;78
031015;674820303;6
031015;674820401;38
031015;674820501;10
031016;674820303;11
031016;674820501;2
031017;674820501;8
032001;674820602;6
032001;674820701;14
032001;674820702;21
032002;674820701;20
032003;674820701;57
032004;674820602;1
032004;674820702;62
032005;674820602;5
032005;674820701;33
032005;674820702;31
032006;674820603;125
032007;674820603;25
032008;674820603;14
032009;674820701;87
032010;674820701;60
032011;674820702;42
032012;674820603;58
032013;674820603;10
033001;674821005;158
033002;674821001;113
033002;674821005;19
033003;674821001;1
033003;674821005;127
033003;674821104;21
033004;674821001;29
033004;674821002;35
033005;674821001;83
033006;674821005;66
033007;674821004;44
033008;674820902;2
033008;674821001;59
033008;674821004;15
033009;674821001;34
033009;674821002;50
034001;674822404;33
034001;674822405;7
034001;674822406;22
034002;674822403;7
034002;674822404;49
034002;674822405;29
034003;674822403;50
034004;674822402;26
034005;674822402;33
034006;674822401;8
034006;674822402;43
034007;674822401;46
034008;674822401;11
034008;674822403;17
034009;674822405;76
034009;674822406;49
034010;674822407;69
034011;674822201;4
034011;674822402;7
035001;674821205;31
035001;674821206;2
035001;674821207;44
035002;674821207;126
035003;674821201;17
035003;674821203;16
035004;674821201;74
035004;674821202;16
035005;674821203;15
035006;674821206;26
035007;674821204;97
035007;674822501;1
035008;674821203;52
035008;674821206;16
035009;674821201;1
035009;674821206;29
035010;674821202;27
035011;674821202;6
035011;674821205;29
035011;674822501;7
035012;674821207;33
036001;674821103;111
036002;674821104;108
036003;674821101;14
036003;674821103;59
036004;674820204;1
036004;674821101;59
036004;674821205;2
036005;674820204;1
036005;674821101;124
036006;674821102;126
036006;674821103;2
036007;674821102;16
036007;674821103;3
036008;674821104;54
036009;674820204;53
036010;674820202;19
036010;674820203;30
036010;674820204;1
036011;674820204;100
036012;674820204;12
036013;674820204;27
037001;674820101;185
037002;674820201;102
037002;674820202;187
037002;674820305;8
037003;674820202;72
037003;674820304;8
037004;674820201;127
037005;674820203;21
037006;674820203;32
037007;674820203;55
037008;674820201;61
037009;674820101;124
037009;674820102;10
037009;674820601;3
037010;674820101;75
037011;674820102;86
037012;674820102;149
037012;674820601;12
037013;674820101;70
037013;674820102;46
038011;672960000;27
038012;672960000;3
038012;673260000;2
038013;672960000;12
038014;672960000;25
038015;673260000;8
038016;673260000;35
038017;673260000;9
038018;673260000;17
038019;674710101;1
038021;673430000;9
038022;673430000;78
038023;673430000;33
038024;673430000;31
038025;673430000;52
038026;673430000;3
038027;673430000;5
038028;673430000;8
038029;673430000;12
039001;671180101;5
039001;674821603;158
039013;674821603;34
039014;674821601;20
039014;674821603;122
039015;671180101;2
039015;674821603;77
041001;670310000;1
041002;670310000;5
041003;670310000;22
041004;670600000;9
041004;675040000;1
041006;671640000;4
041007;671640000;1
041008;672230000;5
041009;672480000;63
041010;672860000;42
041012;673290000;9
041013;673290000;12
041014;673480101;1
041014;673480102;4
041014;673480105;3
041015;673480101;1
041015;673480103;108
041015;673480105;8
041016;673480101;6
041016;673480102;1
041016;673480103;20
041017;673480102;56
041017;673480103;16
041017;673480105;33
041018;673480101;11
041018;673480105;10
041019;673480101;23
041020;673480102;14
041022;673480105;26
041023;673480104;55
041024;673480102;27
041025;673480105;6
041026;673290000;1
041026;673480105;43
041027;673480102;23
041028;673480102;77
041029;673480105;14
041030;673480102;16
041031;675040000;33
041032;675570000;22
042001;670450000;10
042002;670450000;74
042003;670450000;7
042004;670450000;34
042005;670450000;1
042006;670450000;1
042007;670450000;12
042008;670450000;1
042009;670520000;3
042010;670520000;11
042012;670520000;80
042012;674110000;2
042013;670520000;3
042014;671670000;38
042015;671720000;32
042017;672990000;3
042018;672990000;54
042019;673680000;8
042020;673680000;13
042021;673680000;14
042022;673680000;1
042023;673680000;1
042024;674100000;22
042025;674110000;17
042026;674110000;79
042027;674110000;51
042028;674110000;31
042029;674110000;2
042030;674110000;1
042033;674110000;10
042034;674110000;7
042035;674110000;1
042036;674110000;1
042037;674280000;9
043001;670160000;28
043002;670180000;8
043003;670300000;24
043003;671390000;1
043004;670800000;4
043005;670800000;4
043006;670800000;1
043007;670800000;2
043008;670800000;2
043009;670810000;9
043010;670850000;17
043011;671270000;29
043012;671270000;2
043013;671280000;1
043014;671280000;50
043015;671280000;43
043016;671280000;3
043017;671280000;11
043018;671280000;1
043020;671390000;18
043021;674420000;2
043022;673540000;1
043022;674420000;29
043023;674420000;22
043024;674420000;1
043025;674730000;53
043026;674920000;18
043027;675250000;43
043028;675540000;12
043029;675540000;3
044001;670080000;2
044002;670080000;11
044003;670080000;17
044004;670080000;1
044006;670980000;1
044007;670980000;17
044007;671680000;1
044009;671680000;1
044010;670980000;6
044013;671010000;6
044014;671010000;11
044015;671010000;23
044016;671010000;16
044017;671010000;1
044018;671010000;70
044019;671120000;6
044020;671120000;39
044021;671120000;26
044022;671120000;12
044023;671120000;4
044025;671680000;4
044026;671680000;16
044026;673130102;1
044028;671680000;1
044029;671680000;2
044030;671680000;1
044032;673000101;5
044032;673000103;5
044033;673000103;5
044033;673000104;15
044034;673000103;20
044034;673000104;10
044035;673000103;2
044036;673000101;19
044036;673000102;41
044036;673000103;1
044036;673000104;11
044037;673000101;29
044037;673000102;13
044038;673000101;14
044038;673000102;30
044038;673000104;29
044039;673000104;20
044040;673000101;25
044041;673000103;15
044042;673000103;18
044043;673000104;2
044044;673000103;12
044044;673000104;1
044045;673000103;25
044046;673000103;4
044047;673000103;6
044048;670800000;1
044048;673000103;18
044050;673130101;29
044050;673130102;53
044051;673130102;21
044052;673130101;1
044052;673130102;6
044053;673130101;13
044055;673130101;2
044056;673130101;9
044057;673130101;3
044059;671010000;1
044059;673130101;13
045001;672400000;57
045002;672400000;3
045003;672820000;10
045004;672820000;129
045005;672820000;59
045006;672820000;75
045007;672820000;25
045008;672820000;9
045009;672820000;32
045010;672820000;1
045011;672820000;2
045012;673350000;49
045013;673540000;18
045014;675170000;33
046001;670970000;71
046002;671020000;19
046003;671380000;21
046004;671500000;53
046005;671500000;1
046006;671810000;6
046007;672140000;24
046008;672260000;10
046009;672260000;48
046010;672260000;18
046011;671810000;1
046011;672260000;33
046012;673820000;39
046013;674850000;38
046014;674850000;44
046015;674850000;1
046015;675480000;65
047002;670580000;12
047003;671070000;18
047004;671350000;11
047005;671530000;3
047006;675390000;3
047007;671660000;6
047009;672020000;24
047010;672020000;9
047011;672020000;25
047012;672020000;103
047013;672020000;5
047014;672020000;17
047015;672020000;18
047016;672020000;4
047017;672020000;9
047018;675390000;2
047019;672090000;7
047022;672700000;13
047023;672870000;7
047024;672930000;14
047026;675390000;12
047027;675390000;5
047029;673720000;3
047030;672020000;3
047031;674440000;4
047032;674600000;26
047033;675160000;10
047034;675300000;15
047036;675340000;12
047037;675390000;19
047038;671530000;1
048001;670210102;15
048002;670210101;41
048002;670210102;145
048003;670210101;87
048003;670210102;93
048003;672950000;1
048004;670210101;135
048004;671890000;1
048005;670210101;11
048005;670210102;56
048006;670210102;68
048007;670210102;25
048008;671200000;2
048009;671200000;6
048010;671200000;7
048011;670600000;1
048011;671550000;43
048012;671890000;44
048013;672950000;33
048013;674290000;1
048014;671200000;1
048014;672950000;5
048015;674290000;55
048015;674810000;1
049001;670100000;4
049002;670100000;41
049003;670100000;11
049004;670100000;7
049005;670100000;11
049007;670510000;17
049008;670840000;13
049009;670840000;67
049010;670840000;78
049011;670840000;8
049012;670840000;2
049013;671250000;3
049014;671250000;95
049015;671250000;51
049016;671250000;2
049017;671250000;7
049018;671250000;7
049019;672100000;6
049020;672100000;25
049021;672100000;3
049022;672100000;2
049023;672270000;28
049024;673370000;32
049025;673870000;5
049026;674810000;58
050001;671800205;23
050001;672640000;1
050002;671800101;207
050002;671800102;39
050002;671800302;4
050003;671800101;82
050003;671800301;5
050004;671800101;1
050004;671800102;52
050004;671800301;5
050005;671800102;90
050006;671800102;58
050007;671800102;4
050007;671800201;17
050008;671800201;24
050008;671800202;4
050009;671800202;9
050010;671800201;6
050010;671800202;15
050011;671800301;1
050011;671800302;16
050012;671800101;4
050012;671800402;20
050012;671800403;14
050013;671800201;1
050013;671800501;15
050013;671800502;17
050014;671800501;29
050014;671800502;45
050015;671800301;13
050016;671800301;23
050017;671800301;37
050018;671800302;6
050019;671800302;12
050020;671800302;16
050021;671800205;2
050022;671800205;8
050022;671800402;24
050023;671800205;6
050023;671800401;2
050023;671800402;1
050024;671800402;6
050025;671800402;17
050025;671800403;6
050026;671800403;70
050026;671800404;4
050027;671800404;1
050027;671800501;34
050028;671800501;11
050029;671800404;4
050030;671800404;3
050030;671800502;2
050031;671800404;1
050031;671800503;15
050032;671800202;18
050033;671800203;53
050033;671800205;2
050034;671800203;1
050034;671800205;6
050035;671800205;4
050036;671800205;50
050036;672300000;2
050037;671800205;4
050038;671800205;11
050038;671800401;2
050039;671800205;3
050040;671800401;8
050041;671800402;7
050042;671800402;2
050043;671800301;16
050044;671800301;1
050045;671800202;1
050045;671800203;4
050045;671800204;22
050046;671800203;1
050046;671800204;3
050047;671800204;20
050048;671800204;6
050048;672300000;1
050049;671800204;1
050049;671800205;1
050050;671800205;1
050051;671800205;1
050052;671800203;28
051001;670460101;3
051001;670460102;2
051002;670460101;23
051002;670460102;23
051002;670460103;2
051002;670460104;11
051003;670460103;20
051003;670460104;10
051004;670460104;16
051004;670460105;14
051005;670460104;1
051005;670460105;26
051006;670460105;28
051007;670460105;11
051008;670460102;13
051008;670460104;7
051008;670460105;27
051009;670460102;7
051010;670460101;8
051010;670460102;11
051011;670460101;16
051013;670460103;13
051014;670460103;6
051015;670460103;2
051016;670460102;6
051017;670460102;3
051018;672300000;5
051019;672300000;60
051021;672300000;1
051024;672300000;1
051025;673450000;2
051026;673450000;16
051027;673450000;6
051028;673450000;28
051029;673450000;18
051030;670460102;2
051030;673450000;24
051031;674070000;2
051032;674070000;11
051033;674070000;10
051034;674490000;85
051035;674500000;11
052001;670120000;14
052002;670370000;8
052004;670690000;4
052005;670740000;1
052006;670750000;5
052007;670790000;5
052009;671040000;1
052010;671040000;1
052012;671840000;9
052013;671840000;21
052014;671840000;2
052016;672060000;6
052019;672060000;4
052021;672130000;2
052026;672540000;1
052028;672540000;10
052031;672570000;2
052032;672570000;2
052034;672630000;21
052036;672630000;1
052038;672630000;1
052039;672630000;2
052043;672900000;5
052044;672900000;2
052049;673270000;2
052052;673390000;8
052053;673390000;9
052054;673390000;38
052055;673390000;4
052056;673390000;1
052057;673390000;5
052058;673390000;1
052062;673390000;4
052063;673440000;6
052065;673490000;24
052068;673510000;2
052070;673510000;8
052071;673530000;5
052076;673790000;1
052080;674000000;2
052082;674000000;2
052083;674040000;6
052087;674320000;3
052089;674510000;11
052091;674510000;14
052092;674550000;14
052093;674660000;4
052094;674660000;2
052097;674740000;30
052098;674740000;7
052099;674740000;21
052100;674740000;1
052101;674740000;2
052102;674740000;7
052104;674790000;23
052105;673490000;1
052105;674840000;2
052108;674870000;4
052110;674870000;1
052112;674940000;2
052115;675370000;1
052116;675440102;1
052117;675440201;12
052118;675440102;3
052119;675440102;1
052120;675440101;3
052120;675440102;10
052121;675440102;56
052121;675440103;30
052122;675440101;92
052122;675440102;5
052122;675440103;1
052123;675440101;1
052123;675440102;34
052123;675440103;14
052124;675440103;2
052124;675440202;17
052125;675440103;1
052125;675440202;4
052126;675440202;17
052128;675440103;28
052130;675440102;5
052130;675440103;1
052131;675440202;7
052132;675440202;5
052133;675440202;2
052135;675440202;5
053002;670830000;2
053003;670830000;1
053006;670830000;1
053008;670930000;13
053009;671100000;1
053011;671100000;3
053012;671100000;2
053014;671100000;1
053015;671100000;1
053018;671320000;10
053019;671320000;1
053020;671410000;9
053021;671470000;12
053022;671600000;14
053023;671600000;9
053026;671740000;5
053027;671760000;1
053028;671760000;30
053030;671760000;5
053031;671760000;5
053032;671760000;21
053037;671760000;1
053038;671760000;6
053039;671760000;2
053041;671770000;1
053044;671860000;4
053045;672590000;5
053046;672600000;2
053048;672910000;4
053049;672910000;7
053050;672910000;6
053051;672910000;41
053052;672910000;28
053053;672910000;3
053056;672920000;8
053057;673030000;15
053058;673030000;1
053059;673240000;16
053060;673240000;11
053061;673240000;14
053062;673240000;18
053063;673240000;19
053064;673240000;19
053065;673240000;1
053066;673240000;7
053068;673240000;10
053069;673240000;9
053070;673240000;3
053072;673240000;3
053073;673240000;2
053074;673240000;4
053075;673400000;11
053076;673400000;18
053077;673400000;8
053078;673400000;3
053079;673400000;3
053081;673400000;2
053083;670930000;1
053083;673410000;3
053084;673580000;3
053086;673880101;3
053086;673880102;14
053087;673880101;44
053088;673880101;7
053088;673880102;1
053089;673880101;4
053090;673880101;1
053091;673880101;5
053092;673880102;11
053094;673880102;12
053095;673880102;19
053099;673880102;4
053100;673880102;12
053101;673880102;3
053102;674150000;3
053103;674150000;7
053106;675020000;4
053108;675110000;13
053109;675110000;1
053110;675110000;2
053112;675360000;3
053114;675500000;11
053115;675500000;9
053116;675500000;1
053117;675500000;1
053118;675500000;3
053120;675500000;9
053121;675500000;1
053123;675580000;5
053124;675580000;3
053125;675580000;2
054001;670230000;43
054002;670350000;4
054003;670480000;21
054005;670870000;2
054006;670870000;35
054007;670870000;4
054008;672030000;2
054009;672150000;8
054010;672380000;6
054011;673040000;1
054012;673280000;3
054013;673280000;3
054014;673280000;6
054017;673590000;1
054018;673590000;15
054019;673590000;16
054022;673280000;1
054022;673720000;57
054023;673720000;46
054024;673720000;24
054025;673720000;13
054026;673720000;2
054027;674580000;3
054028;674580000;51
054029;674580000;17
054030;674580000;16
054031;674580000;11
054032;674580000;23
054033;674580000;36
054034;674580000;1
054035;674580000;3
054036;671800205;10
054036;674580000;59
054037;674580000;4
054038;674580000;7
054039;674580000;3
054040;674580000;3
054041;674580000;3
054042;673720000;1
054043;673720000;3
054044;673720000;1
054045;673720000;2
054046;673720000;3
054047;673720000;1
054049;674970000;14
054051;674980000;4
054052;675100000;6
054053;673720000;24
054054;673720000;20
054056;675400000;21
054057;675460000;6
055001;670020000;10
055006;670290000;4
055010;670360000;10
055012;670470000;4
055013;670700000;5
055015;670720000;12
055016;670880000;5
055018;670950000;1
055019;670950000;14
055021;670950000;12
055022;670950000;2
055027;671050000;3
055028;671050000;11
055029;671050000;7
055031;671050000;5
055032;671110000;3
055034;671330000;3
055035;671330000;10
055036;671330000;2
055037;671340000;2
055038;671360000;5
055039;671480000;9
055039;674910000;1
055041;671780000;4
055042;671830000;30
055043;671910000;2
055044;671910000;31
055045;671910000;2
055046;671910000;6
055047;671910000;9
055048;671910000;5
055049;671910000;3
055050;671980000;12
055052;672010000;8
055054;672340000;10
055055;672340000;16
055059;672650000;1
055060;672650000;4
055064;672730000;3
055067;672780000;7
055069;673550000;40
055071;673700000;12
055072;673700000;7
055074;673710000;2
055075;673710000;8
055076;673710000;4
055079;673850000;11
055082;673920000;9
055083;673920000;5
055087;674010000;6
055089;674010000;1
055092;674340000;31
055093;674340000;10
055094;674340000;5
055095;674340000;1
055096;674340000;10
055097;674340000;12
055098;674340000;11
055099;674340000;14
055105;674540000;33
055109;674750000;6
055112;674880000;1
055114;674910000;2
055117;675140000;3
055119;675280000;10
055120;675280000;3
055123;675350000;2
055124;675350000;5
055125;675350000;1
055126;675380000;5
055127;675380000;6
055128;675380000;4
055129;675380000;8
055130;675380000;6
055136;675520000;3
056001;674370102;3
056002;674370103;44
056002;674370104;50
056003;673660000;2
056003;674370101;36
056004;674370101;16
056004;674370104;115
056004;674370105;5
056005;674370101;14
056005;674370102;5
056006;674370103;51
056006;674370105;6
056007;671610000;5
056007;674370103;105
056007;674370105;79
056008;673670000;2
056008;674370101;15
056008;674370104;2
056008;674370109;89
056009;674370102;18
056010;674370101;30
056011;674370101;18
056011;674370109;17
056012;674370105;6
056012;674370109;17
056013;674370101;2
056013;674370104;8
056013;674370105;66
056013;674370109;11
057001;670440000;5
057002;670610000;3
057003;670610000;84
057004;670610000;24
057005;670610000;16
057006;670610000;15
057007;670610000;6
057008;670610000;2
057009;670610000;1
057010;670610000;1
057011;670610000;4
057012;670610000;9
057013;670680000;9
057014;671030000;1
057015;671030000;41
057016;671850000;18
057017;672220000;2
057018;672220000;43
057019;672220000;42
057020;672220000;62
057021;672220000;7
057022;672220000;8
057023;672220000;16
057026;672220000;35
057027;672220000;2
057029;672420000;20
057030;670570000;41
057032;673070000;1
057033;673220000;2
057034;673220000;5
057035;673220000;1
057037;673330000;20
057038;673470000;2
057039;673470000;8
057041;673470000;4
057042;673520000;26
057043;673800000;12
057044;671350000;1
057044;674030000;17
057045;674410000;13
057046;674460000;7
057047;675030000;8
057048;675210000;24
057049;675240000;17
058001;670040000;25
058002;670060000;3
058003;670040000;3
058005;670890000;33
058006;670890000;1
058007;670890000;21
058008;670890000;16
058009;670890000;3
058010;670890000;1
058011;670890000;1
058012;670890000;5
058013;670890000;1
058014;670960000;1
058015;671170000;11
058016;671290000;6
058017;671450000;8
058018;671490000;3
058019;671610000;2
058020;671620000;1
058021;671790000;2
058025;672580000;15
058026;672690000;3
058027;672720000;7
058028;672750000;4
058029;672750000;11
058030;672750000;4
058034;672830000;4
058035;672830000;68
058036;672830000;14
058037;672830000;59
058038;672830000;3
058039;672830000;77
058040;673020000;5
058041;673020000;90
058042;673020000;8
058043;673020000;11
058044;673020000;19
058045;673020000;4
058046;673020000;2
058047;673020000;4
058048;673660000;17
058050;673670000;24
058051;673670000;4
058052;673670000;3
058052;674370105;1
058054;673670000;2
058055;673670000;1
058056;673910000;7
058057;673910000;8
058059;673950000;17
058060;674230000;9
058061;674250000;23
058063;674590000;23
058064;670040000;9
058066;674780000;2
058067;674780000;16
058068;674780000;11
058069;674780000;15
058070;674780000;4
058071;674780000;1
058073;674890000;1
058074;674890000;5
058075;675150000;5
058076;675270000;1
058077;675530000;4
059001;670770000;29
059002;670780000;7
059004;671220000;47
059005;671220000;2
059007;671220000;7
059009;672080000;25
059009;672530000;1
059010;672290000;30
059011;673830000;7
059012;674080000;2
059013;674080000;38
059014;674080000;3
059016;675200101;7
059016;675200102;3
059017;675200101;97
059017;675200102;50
059018;675200101;16
059018;675200102;34
059019;675200101;70
059020;675200101;4
059020;675200102;11
059021;675200101;11
059021;675200102;8
059022;675200101;85
059022;675200102;14
059023;675200101;40
059024;675200101;13
059025;675200101;13
059026;675550000;37
060001;670280000;5
060002;670280000;41
060003;670280000;14
060004;670280000;27
060005;670280000;8
060006;670280000;16
060007;670280000;9
060008;670280000;4
060009;670280000;4
060009;672160000;2
060010;670550000;2
060011;670550000;29
060012;670550000;9
060013;670900000;10
060014;671460000;2
060018;671460000;14
060019;671540000;1
060020;671920000;9
060021;671920000;19
060023;672160000;3
060024;672160000;50
060025;672160000;3
060026;672160000;2
060027;672160000;1
060029;672330000;34
060030;672460000;1
060031;672460000;40
060032;672460000;2
060034;672850000;24
060036;672850000;6
060037;672850000;17
060038;672850000;11
060039;673970000;9
060040;673970000;29
060041;673970000;3
060042;673970000;8
060043;673970000;37
060044;673970000;9
060045;673970000;1
060046;673970000;1
060047;674120000;29
060048;674330000;5
060049;674640000;1
060050;674640000;2
060052;675450000;8
060065;OUT;1
061001;670200000;2
061002;670200000;17
061003;670260000;1
061004;670270000;7
061006;670590000;26
061008;670660000;37
061009;670660000;29
061010;670660000;40
061011;670660000;5
061012;670660000;2
061013;670660000;1
061015;670760000;2
061015;673840000;1
061021;671650000;1
061023;671880000;10
061026;672760000;4
061027;672760000;5
061030;673060000;8
061031;673140000;29
061033;673210000;1
061035;673250000;35
061036;673250000;2
061038;673420000;2
061039;673420000;18
061040;673420000;1
061041;673420000;1
061044;673770000;1
061047;673770000;1
061055;670200000;1
061055;674140000;14
061056;674140000;5
061058;674200000;15
061059;674200000;1
061060;674200000;3
061061;674200000;14
061062;674200000;2
061064;674210000;14
061065;674210000;4
061066;674210000;21
061071;674480000;21
061072;674480000;19
061073;674480000;9
061074;674480000;12
061075;674480000;4
061076;674700000;2
061077;674800000;8
061078;675000000;1
061079;673250000;1
061079;675000000;21
061080;675000000;5
061081;675000000;10
061082;675000000;1
061085;675310000;12
061087;675430000;9
061088;675430000;45
061089;675430000;10
061091;675430000;7
061094;675430000;7
061100;OUT;1
062001;674620102;1
062001;674620108;1
062001;674620109;13
062002;674620103;15
062003;674620105;30
062004;674620103;42
062004;674620105;4
062005;674620105;15
062006;674620103;61
062007;674620104;79
062008;674620104;43
062008;674620109;11
062009;674620102;85
062010;674620101;198
062011;674620101;100
062012;674620101;53
062013;674620109;17
062014;674620102;41
062014;674620109;4
062015;674620102;20
062015;674620109;18
062016;674620109;26
062017;674620107;14
062018;674620107;27
062019;674620107;24
062020;674620105;20
062020;674620106;45
062020;674620107;16
062021;674620106;8
062022;674620106;73
062023;674620106;65
062024;674620107;3
062025;674620105;20
062026;674620105;36
062027;674620109;16
062028;674620109;1
062029;674620109;2
062030;674620109;6
062031;674620105;11
062032;674620105;16
062033;674620105;7
062034;674620109;2
062035;674620105;6
062035;674620106;6
062036;674620106;5
062037;674620108;8
062038;674620108;4
062039;674620108;68
062040;674620108;50
062041;674620108;17
062041;674620109;1
062042;674620109;44
062043;674620109;5
063001;670110000;60
063002;670560000;9
063003;671210000;17
063004;671870000;12
063005;671950000;50
063007;672770000;30
063008;672810000;21
063009;672810000;80
063010;672810000;27
063011;672810000;78
063012;672810000;18
063013;672810000;66
063014;672810000;49
063015;672810000;3
063017;672810000;4
063018;672810000;4
063019;673600000;32
063020;673980000;4
063022;674220000;3
063023;674530000;20
063024;674860000;56
063043;OUT;1
064010;670730000;30
064011;670730000;238
064012;670730000;5
064013;670730000;7
064014;670730000;2
064015;670940000;6
064019;672390000;9
064020;670730000;1
064020;672390000;83
064021;672390000;5
064029;673170000;9
064031;672390000;1
064031;673620000;48
064031;674620109;1
064032;674450000;6
064033;674450000;59
064034;674450000;17
064035;674450000;87
064036;674450000;12
064039;675050000;3
064040;675050000;2
064042;675050000;5
065001;670030000;58
065002;670220000;19
065004;670630000;24
065006;670920000;9
065007;670920000;9
065009;671430000;10
065010;671430000;2
065011;672550000;20
065012;672550000;8
065013;672550000;12
065014;672800000;30
065015;673200000;1
065016;673200000;25
065017;673200000;2
065019;674260000;13
065021;674270000;16
065022;674270000;7
065024;674300000;8
065025;674300000;14
065026;674300000;2
065027;674300000;5
065028;674770000;22
065029;674900000;4
065030;674900000;21
065032;674900000;1
065033;674930000;28
065034;674930000;2
065035;674930000;12
065036;674990000;3
065038;674260000;1
065038;675070000;93
065039;675070000;58
065040;675070000;7
065041;673200000;2
065041;675070000;5
066004;670250000;2
066005;670250000;16
066006;670250000;10
066007;670250000;28
066009;670250000;2
066010;670250000;1
066011;670250000;12
066012;670250000;11
066024;671130000;5
066025;671130000;7
066026;671400000;8
066037;672310000;3
066038;672350000;2
066039;672610000;6
066040;672610000;10
066041;672610000;17
066042;672610000;26
066043;672610000;1
066044;672610000;1
066045;672610000;3
066046;672640000;10
066047;673050000;1
066048;673050000;25
066049;673050000;26
066051;673050000;1
066052;673050000;2
066054;673080000;3
066055;673080000;4
066058;673150000;4
066059;673190000;8
066060;673300000;1
066061;673460000;34
066067;674050000;1
066068;674050000;6
066069;674050000;6
066070;674050000;54
066071;674050000;5
066072;674090000;1
066074;674090000;12
066081;674430000;3
066082;674430000;1
066083;674400000;1
066083;674630000;2
066084;674630000;8
066085;674630000;14
066086;674630000;27
066087;674630000;42
066090;674630000;27
066105;675410000;16
067002;674180000;10
067003;674180000;23
067013;670820000;8
067014;671060000;4
067015;671060000;5
067016;671060000;5
067017;671060000;10
067018;671060000;37
067019;671060000;36
067020;671060000;1
067021;671060000;4
067022;671060000;1
067027;671420000;6
067028;671940000;11
067029;671940000;39
067030;671940000;10
067031;671940000;44
067032;671940000;49
067033;671940000;11
067034;671940000;13
067035;671940000;51
067036;671940000;2
067063;673560000;17
067064;673560000;14
067065;673560000;22
067075;674180000;1
067076;674180000;16
067077;674180000;22
067092;674650000;31
067093;674650000;29
067094;674720000;3
067095;674720000;44
067096;674720000;26
067097;671800205;1
067097;674720000;41
067098;674720000;13
067099;674720000;1
067100;674720000;4
067101;674720000;13
067102;674720000;24
067104;674760000;5
068001;670190000;9
068002;670190000;21
068003;670190000;2
068005;670400000;3
068006;670400000;56
068007;670400000;1
068009;670530000;5
068016;671150000;112
068017;671160000;18
068018;671960000;64
068022;673100000;16
068023;673110000;9
068024;673110000;83
068026;673110000;2
068027;673110000;2
068038;674610000;5
068044;675470000;2
068047;675470000;102
207001;OUT;1
210001;OUT;5
700001;OUT;23
700002;OUT;15
700005;OUT;6
700011;OUT;1
700014;OUT;1
700015;OUT;1
700038;OUT;14
700042;OUT;2
700046;OUT;1
700050;OUT;1
700052;OUT;12
700053;OUT;2
700056;OUT;1
700061;OUT;1
700062;OUT;2
700069;OUT;1
700076;OUT;2
700081;OUT;9
700086;OUT;1
700087;OUT;2
700099;OUT;5
700105;OUT;1
700107;OUT;1
700109;OUT;14
700114;OUT;1
700116;OUT;9
700117;OUT;3
700121;OUT;1
700124;OUT;1
700129;OUT;2
700130;OUT;8
700158;OUT;1
700999;OUT;165
800001;OUT;30
800002;OUT;1
800005;OUT;2
800006;OUT;4
800007;OUT;2
800009;OUT;13
800010;OUT;11
800011;OUT;9
800012;OUT;2
800013;OUT;4
800014;OUT;2
800016;OUT;1
908105;OUT;2
917002;OUT;5
921231;OUT;1
925159;OUT;1
925204;OUT;1
939065;OUT;1
951454;OUT;1
954329;OUT;1
954395;OUT;9
957046;OUT;1
957087;OUT;1
957089;OUT;2
957159;OUT;1
957163;OUT;3
957169;OUT;2
957207;OUT;1
957209;OUT;1
957227;OUT;2
957250;OUT;1
957291;OUT;2
957410;OUT;2
957427;OUT;1
957456;OUT;1
957462;OUT;1
957463;OUT;11
957484;OUT;2
957535;OUT;1
957540;OUT;8
957541;OUT;1
957566;OUT;1
957589;OUT;1
957628;OUT;16
957630;OUT;14
957631;OUT;15
957644;OUT;1
957658;OUT;1
957703;OUT;1
957711;OUT;2
967005;OUT;2
967009;OUT;8
967017;OUT;3
967026;OUT;1
967073;OUT;1
967081;OUT;1
967148;OUT;1
967159;OUT;1
967220;OUT;5
967279;OUT;1
967293;OUT;1
967312;OUT;1
967381;OUT;2
967471;OUT;1
967543;OUT;1
968004;OUT;1
968007;OUT;1
968012;OUT;1
968014;OUT;1
968015;OUT;1
968018;OUT;1
968020;OUT;1
968028;OUT;7
968029;OUT;1
968036;OUT;4
968044;OUT;1
968063;OUT;2
968066;OUT;84
968068;OUT;2
968078;OUT;1
968082;OUT;2
968091;OUT;1
968102;OUT;1
968112;OUT;1
968113;OUT;1
968135;OUT;1
968140;OUT;1
968146;OUT;1
968147;OUT;1
968149;OUT;2
968151;OUT;1
968157;OUT;1
968163;OUT;1
968166;OUT;1
968172;OUT;2
968185;OUT;10
968188;OUT;1
968196;OUT;1
968209;OUT;1
968224;OUT;21
968227;OUT;2
968231;OUT;5
968235;OUT;1
968242;OUT;1
968252;OUT;2
968269;OUT;12
968277;OUT;1
968285;OUT;3
968287;OUT;3
968294;OUT;4
968295;OUT;4
968296;OUT;7
968297;OUT;1
968298;OUT;11
968300;OUT;1
968307;OUT;1
968331;OUT;1
968338;OUT;1
968350;OUT;1
968352;OUT;1
968360;OUT;1
968367;OUT;1
968376;OUT;2
968379;OUT;1
969007;OUT;1
969901;OUT;1
975008;OUT;1
975010;OUT;2
975101;OUT;1
975110;OUT;2
977514;OUT;1
988075;OUT;2
988081;OUT;1
988160;OUT;1
988413;OUT;3
988451;OUT;1
988501;OUT;1
993001;OUT;1
