DCOMIRIS,HOSPITALm2,Sum of HOSPITAL_employee,HOSPITAL_customer,FITNESS_m2,FITNESS_employee,FITNESS_customers,PUBS_m2,PUBS_employee,PUBS_employee2,PUBS_customers,CINEMA_m2,CINEMA_employee,CINEMA_customers,MUSEUM_m2,MUSEUM_employee,MUSEUM_customers,SUM_lesiure,size
670010000,,0,0.0,297.5,3.1,66.9,,0.0,0.0,0.0,,0.0,0.0,,0.0,0.0,66.9,67
670020000,,0,0.0,,0.0,0.0,160.0,3.0,3.0,262.4,,0.0,0.0,,0.0,0.0,262.4,263
670030000,,0,0.0,2183.9,18.2,491.4,,0.0,0.0,0.0,,0.0,0.0,,0.0,0.0,491.4,492
670040000,,0,0.0,,0.0,0.0,,0.0,0.0,0.0,,0.0,0.0,,0.0,0.0,0.0,0
670050000,,0,0.0,,0.0,0.0,160.0,3.0,3.0,262.4,,0.0,0.0,,0.0,0.0,262.4,263
670060000,,0,0.0,,0.0,0.0,,0.0,0.0,0.0,,0.0,0.0,,0.0,0.0,0.0,0
670080000,,0,0.0,174.1,4.0,39.2,,0.0,0.0,0.0,,0.0,0.0,,0.0,0.0,39.2,40
670090000,,0,0.0,,0.0,0.0,,0.0,0.0,0.0,,0.0,0.0,,0.0,0.0,0.0,0
670100000,,0,0.0,47.1,2.0,10.6,791.0,15.1,15.1,1297.2,,0.0,0.0,,0.0,0.0,1307.8,1308
670110000,,0,0.0,1.5,1.0,0.3,,0.0,0.0,0.0,,0.0,0.0,,0.0,0.0,0.3,1
670120000,,0,0.0,,0.0,0.0,,0.0,0.0,0.0,,0.0,0.0,,0.0,0.0,0.0,0
670130000,,0,0.0,,0.0,0.0,,0.0,0.0,0.0,,0.0,0.0,,0.0,0.0,0.0,0
670160000,,0,0.0,350.0,2.8,78.8,,0.0,0.0,0.0,,0.0,0.0,,0.0,0.0,78.8,79
670170000,,0,0.0,,0.0,0.0,,0.0,0.0,0.0,,0.0,0.0,,0.0,0.0,0.0,0
670180000,,0,0.0,,0.0,0.0,,0.0,0.0,0.0,,0.0,0.0,,0.0,0.0,0.0,0
670190000,,0,0.0,32.4,2.0,7.3,,0.0,0.0,0.0,,0.0,0.0,,0.0,0.0,7.3,8
670200000,,0,0.0,3.6,1.0,0.8,,0.0,0.0,0.0,,0.0,0.0,,0.0,0.0,0.8,1
670210101,,0,0.0,239.8,2.8,54.0,1295.7,25.3,25.3,2124.9,,0.0,0.0,420.5,7.0,84.1,2262.9,2263
670210102,,0,0.0,153.9,4.0,34.6,70.5,1.3,1.3,115.6,,0.0,0.0,,0.0,0.0,150.3,151
670220000,,0,0.0,1235.7,9.9,278.0,,0.0,0.0,0.0,,0.0,0.0,,0.0,0.0,278.0,279
670230000,,0,0.0,1156.0,12.6,260.1,94.8,1.8,1.8,155.4,,0.0,0.0,,0.0,0.0,415.5,416
670250000,,0,0.0,25.9,1.0,5.8,501.2,9.4,9.4,821.9,,0.0,0.0,,0.0,0.0,827.7,828
670260000,,0,0.0,,0.0,0.0,160.0,3.0,3.0,262.4,,0.0,0.0,,0.0,0.0,262.4,263
670270000,,0,0.0,,0.0,0.0,160.0,3.0,3.0,262.4,,0.0,0.0,,0.0,0.0,262.4,263
670280000,3593.8,48.9664751,127.0,3436.2,31.6,773.1,1314.2,24.9,24.9,2155.3,1000.0,8.3,450.0,,0.0,0.0,3378.5,3379
670290000,,0,0.0,,0.0,0.0,311.6,5.9,5.9,511.1,,0.0,0.0,,0.0,0.0,511.1,512
670300000,,0,0.0,215.6,2.2,48.5,,0.0,0.0,0.0,,0.0,0.0,,0.0,0.0,48.5,49
670310000,,0,0.0,25.3,1.0,5.7,,0.0,0.0,0.0,,0.0,0.0,,0.0,0.0,5.7,6
670320000,,0,0.0,,0.0,0.0,,0.0,0.0,0.0,,0.0,0.0,,0.0,0.0,0.0,0
670330000,,0,0.0,72.4,1.0,16.3,,0.0,0.0,0.0,,0.0,0.0,,0.0,0.0,16.3,17
670340000,,0,0.0,19.0,1.0,4.3,79.4,1.5,1.5,130.1,,0.0,0.0,,0.0,0.0,134.4,135
670350000,,0,0.0,,0.0,0.0,,0.0,0.0,0.0,,0.0,0.0,,0.0,0.0,0.0,0
670360000,,0,0.0,,0.0,0.0,,0.0,0.0,0.0,,0.0,0.0,,0.0,0.0,0.0,0
670370000,,0,0.0,,0.0,0.0,,0.0,0.0,0.0,,0.0,0.0,,0.0,0.0,0.0,0
670380000,,0,0.0,,0.0,0.0,,0.0,0.0,0.0,,0.0,0.0,,0.0,0.0,0.0,0
670390000,,0,0.0,,0.0,0.0,,0.0,0.0,0.0,,0.0,0.0,,0.0,0.0,0.0,0
670400000,,0,0.0,,0.0,0.0,,0.0,0.0,0.0,,0.0,0.0,,0.0,0.0,0.0,0
670430101,,0,0.0,,0.0,0.0,160.0,3.0,3.0,262.4,,0.0,0.0,,0.0,0.0,262.4,263
670430102,,0,0.0,1123.3,9.0,252.7,,0.0,0.0,0.0,,0.0,0.0,,0.0,0.0,252.7,253
670430103,,0,0.0,,0.0,0.0,480.0,9.0,9.0,787.2,,0.0,0.0,,0.0,0.0,787.2,788
670430104,,0,0.0,742.9,6.0,167.2,560.0,10.5,10.5,918.4,,0.0,0.0,,0.0,0.0,1085.5,1086
670430201,,0,0.0,,0.0,0.0,800.0,15.0,15.0,1312.0,,0.0,0.0,,0.0,0.0,1312.0,1312
670430202,,0,0.0,887.1,7.1,199.6,160.0,3.0,3.0,262.4,,0.0,0.0,,0.0,0.0,462.0,462
670430203,,0,0.0,,0.0,0.0,543.4,10.2,10.2,891.1,,0.0,0.0,,0.0,0.0,891.1,892
670430204,,0,0.0,,0.0,0.0,160.0,3.0,3.0,262.4,,0.0,0.0,,0.0,0.0,262.4,263
670440000,,0,0.0,,0.0,0.0,,0.0,0.0,0.0,,0.0,0.0,,0.0,0.0,0.0,0
670450000,,0,0.0,107.3,4.0,24.1,171.3,3.5,3.5,281.0,,0.0,0.0,,0.0,0.0,305.1,306
670460101,,0,0.0,,0.0,0.0,,0.0,0.0,0.0,,0.0,0.0,,0.0,0.0,0.0,0
670460102,,0,0.0,,0.0,0.0,,0.0,0.0,0.0,,0.0,0.0,,0.0,0.0,0.0,0
670460103,,0,0.0,40.3,1.0,9.1,36.9,1.0,1.0,60.5,,0.0,0.0,,0.0,0.0,69.6,70
670460104,,0,0.0,267.6,2.1,60.2,,0.0,0.0,0.0,,0.0,0.0,248.3,4.1,49.7,109.9,110
670460105,,0,0.0,601.6,5.3,135.4,,0.0,0.0,0.0,,0.0,0.0,,0.0,0.0,135.4,136
670470000,,0,0.0,,0.0,0.0,,0.0,0.0,0.0,,0.0,0.0,,0.0,0.0,0.0,0
670480000,,0,0.0,,0.0,0.0,,0.0,0.0,0.0,,0.0,0.0,,0.0,0.0,0.0,0
670490000,,0,0.0,,0.0,0.0,320.0,6.0,6.0,524.8,,0.0,0.0,,0.0,0.0,524.8,525
670500000,,0,0.0,,0.0,0.0,,0.0,0.0,0.0,,0.0,0.0,,0.0,0.0,0.0,0
670510000,,0,0.0,,0.0,0.0,,0.0,0.0,0.0,,0.0,0.0,,0.0,0.0,0.0,0
670520000,,0,0.0,120.0,3.0,27.0,359.0,7.4,7.4,588.7,,0.0,0.0,,0.0,0.0,615.7,616
670530000,,0,0.0,,0.0,0.0,,0.0,0.0,0.0,,0.0,0.0,,0.0,0.0,0.0,0
670540000,,0,0.0,444.6,3.8,100.0,,0.0,0.0,0.0,,0.0,0.0,,0.0,0.0,100.0,101
670550000,,0,0.0,339.8,2.7,76.5,80.4,1.5,1.5,131.9,,0.0,0.0,,0.0,0.0,208.4,209
670560000,,0,0.0,211.8,1.7,47.7,,0.0,0.0,0.0,,0.0,0.0,,0.0,0.0,47.7,48
670570000,,0,0.0,77.5,1.0,17.4,,0.0,0.0,0.0,,0.0,0.0,,0.0,0.0,17.4,18
670580000,,0,0.0,,0.0,0.0,,0.0,0.0,0.0,,0.0,0.0,,0.0,0.0,0.0,0
670590000,,0,0.0,,0.0,0.0,65.0,1.2,1.2,106.6,,0.0,0.0,,0.0,0.0,106.6,107
670600000,,0,0.0,,0.0,0.0,,0.0,0.0,0.0,,0.0,0.0,,0.0,0.0,0.0,0
670610000,,0,0.0,3881.2,36.0,873.3,409.2,7.7,7.7,671.1,,0.0,0.0,,0.0,0.0,1544.4,1545
670620000,,0,0.0,,0.0,0.0,,0.0,0.0,0.0,,0.0,0.0,,0.0,0.0,0.0,0
670630000,,0,0.0,,0.0,0.0,,0.0,0.0,0.0,,0.0,0.0,,0.0,0.0,0.0,0
670650000,,0,0.0,,0.0,0.0,118.9,3.2,3.2,195.1,,0.0,0.0,,0.0,0.0,195.1,196
670660000,,0,0.0,1213.7,11.8,273.1,233.4,4.4,4.4,382.8,,0.0,0.0,,0.0,0.0,655.9,656
670670101,,0,0.0,1779.6,21.5,400.4,320.0,6.0,6.0,524.8,,0.0,0.0,,0.0,0.0,925.2,926
670670102,,0,0.0,2006.4,17.7,451.4,598.8,11.6,11.6,982.0,,0.0,0.0,1969.0,32.9,393.8,1827.3,1828
670670103,,0,0.0,,0.0,0.0,181.8,4.0,4.0,298.2,,0.0,0.0,,0.0,0.0,298.2,299
670670104,55721.3,762.5946587,1968.5,,0.0,0.0,160.0,3.0,3.0,262.4,,0.0,0.0,,0.0,0.0,262.4,263
670680000,,0,0.0,104.9,2.0,23.6,,0.0,0.0,0.0,,0.0,0.0,,0.0,0.0,23.6,24
670690000,,0,0.0,,0.0,0.0,,0.0,0.0,0.0,,0.0,0.0,,0.0,0.0,0.0,0
670700000,,0,0.0,,0.0,0.0,160.0,3.0,3.0,262.4,,0.0,0.0,,0.0,0.0,262.4,263
670710000,,0,0.0,,0.0,0.0,,0.0,0.0,0.0,,0.0,0.0,,0.0,0.0,0.0,0
670720000,,0,0.0,,0.0,0.0,,0.0,0.0,0.0,,0.0,0.0,,0.0,0.0,0.0,0
670730000,,0,0.0,2972.6,28.0,668.8,262.7,6.4,6.4,430.8,,0.0,0.0,,0.0,0.0,1099.6,1100
670740000,,0,0.0,,0.0,0.0,320.0,6.0,6.0,524.8,,0.0,0.0,,0.0,0.0,524.8,525
670750000,,0,0.0,,0.0,0.0,61.6,1.2,1.2,101.0,,0.0,0.0,,0.0,0.0,101.0,101
670760000,,0,0.0,,0.0,0.0,160.0,3.0,3.0,262.4,,0.0,0.0,,0.0,0.0,262.4,263
670770000,,0,0.0,,0.0,0.0,,0.0,0.0,0.0,,0.0,0.0,,0.0,0.0,0.0,0
670790000,,0,0.0,,0.0,0.0,,0.0,0.0,0.0,,0.0,0.0,,0.0,0.0,0.0,0
670800000,,0,0.0,2144.1,19.6,482.4,86.7,1.6,1.6,142.1,,0.0,0.0,,0.0,0.0,624.6,625
670810000,,0,0.0,,0.0,0.0,,0.0,0.0,0.0,,0.0,0.0,,0.0,0.0,0.0,0
670820000,,0,0.0,,0.0,0.0,160.0,3.0,3.0,262.4,,0.0,0.0,,0.0,0.0,262.4,263
670830000,,0,0.0,,0.0,0.0,256.8,4.8,4.8,421.1,,0.0,0.0,,0.0,0.0,421.1,422
670840000,,0,0.0,970.2,9.9,218.3,,0.0,0.0,0.0,,0.0,0.0,,0.0,0.0,218.3,219
670850000,,0,0.0,,0.0,0.0,,0.0,0.0,0.0,,0.0,0.0,,0.0,0.0,0.0,0
670860000,,0,0.0,,0.0,0.0,,0.0,0.0,0.0,,0.0,0.0,,0.0,0.0,0.0,0
670870000,,0,0.0,,0.0,0.0,22.2,1.0,1.0,36.4,,0.0,0.0,,0.0,0.0,36.4,37
670880000,,0,0.0,,0.0,0.0,,0.0,0.0,0.0,,0.0,0.0,,0.0,0.0,0.0,0
670890000,,0,0.0,30.8,2.0,6.9,586.2,11.0,11.0,961.3,,0.0,0.0,,0.0,0.0,968.2,969
670900000,,0,0.0,28.4,4.0,6.4,,0.0,0.0,0.0,,0.0,0.0,,0.0,0.0,6.4,7
670910000,,0,0.0,,0.0,0.0,,0.0,0.0,0.0,,0.0,0.0,,0.0,0.0,0.0,0
670920000,,0,0.0,,0.0,0.0,,0.0,0.0,0.0,,0.0,0.0,,0.0,0.0,0.0,0
670930000,,0,0.0,,0.0,0.0,,0.0,0.0,0.0,,0.0,0.0,,0.0,0.0,0.0,0
670940000,,0,0.0,,0.0,0.0,160.0,3.0,3.0,262.4,,0.0,0.0,,0.0,0.0,262.4,263
670950000,,0,0.0,,0.0,0.0,640.0,12.0,12.0,1049.6,,0.0,0.0,,0.0,0.0,1049.6,1050
670960000,,0,0.0,,0.0,0.0,,0.0,0.0,0.0,,0.0,0.0,,0.0,0.0,0.0,0
670970000,,0,0.0,29.1,1.0,6.5,,0.0,0.0,0.0,,0.0,0.0,,0.0,0.0,6.5,7
670980000,,0,0.0,106.9,1.0,24.1,,0.0,0.0,0.0,,0.0,0.0,,0.0,0.0,24.1,25
670990000,,0,0.0,,0.0,0.0,,0.0,0.0,0.0,,0.0,0.0,,0.0,0.0,0.0,0
671000000,,0,0.0,,0.0,0.0,,0.0,0.0,0.0,,0.0,0.0,,0.0,0.0,0.0,0
671010000,,0,0.0,2612.0,29.3,587.7,960.0,18.0,18.0,1574.4,,0.0,0.0,,0.0,0.0,2162.1,2163
671020000,,0,0.0,,0.0,0.0,,0.0,0.0,0.0,,0.0,0.0,,0.0,0.0,0.0,0
671030000,,0,0.0,,0.0,0.0,160.0,3.0,3.0,262.4,,0.0,0.0,,0.0,0.0,262.4,263
671040000,,0,0.0,732.9,8.0,164.9,444.5,8.4,8.4,729.0,,0.0,0.0,,0.0,0.0,893.9,894
671050000,,0,0.0,,0.0,0.0,,0.0,0.0,0.0,,0.0,0.0,,0.0,0.0,0.0,0
671060000,,0,0.0,237.9,6.0,53.5,697.4,13.1,13.1,1143.8,,0.0,0.0,,0.0,0.0,1197.3,1198
671070000,,0,0.0,,0.0,0.0,,0.0,0.0,0.0,,0.0,0.0,,0.0,0.0,0.0,0
671080000,,0,0.0,28.6,1.0,6.4,,0.0,0.0,0.0,,0.0,0.0,,0.0,0.0,6.4,7
671090000,,0,0.0,185.0,2.0,41.6,51.9,1.0,1.0,85.1,,0.0,0.0,,0.0,0.0,126.7,127
671100000,,0,0.0,,0.0,0.0,207.2,3.9,3.9,339.9,,0.0,0.0,,0.0,0.0,339.9,340
671110000,,0,0.0,,0.0,0.0,88.5,1.7,1.7,145.2,,0.0,0.0,,0.0,0.0,145.2,146
671120000,,0,0.0,2703.3,25.3,608.2,53.0,1.0,1.0,86.9,,0.0,0.0,,0.0,0.0,695.2,696
671130000,,0,0.0,,0.0,0.0,,0.0,0.0,0.0,,0.0,0.0,,0.0,0.0,0.0,0
671150000,,0,0.0,52.6,1.0,11.8,,0.0,0.0,0.0,,0.0,0.0,,0.0,0.0,11.8,12
671160000,,0,0.0,152.0,3.0,34.2,,0.0,0.0,0.0,,0.0,0.0,,0.0,0.0,34.2,35
671170000,,0,0.0,,0.0,0.0,320.0,6.0,6.0,524.8,,0.0,0.0,,0.0,0.0,524.8,525
671180101,,0,0.0,2068.1,16.5,465.3,160.0,3.0,3.0,262.4,,0.0,0.0,,0.0,0.0,727.7,728
671180102,,0,0.0,1195.0,10.2,268.9,320.0,6.0,6.0,524.8,,0.0,0.0,,0.0,0.0,793.7,794
671190000,,0,0.0,4845.6,38.8,1090.3,320.0,6.0,6.0,524.8,,0.0,0.0,,0.0,0.0,1615.1,1616
671200000,,0,0.0,142.0,2.0,31.9,82.0,1.5,1.5,134.5,,0.0,0.0,,0.0,0.0,166.4,167
671210000,,0,0.0,,0.0,0.0,,0.0,0.0,0.0,,0.0,0.0,,0.0,0.0,0.0,0
671220000,,0,0.0,,0.0,0.0,211.1,4.0,4.0,346.3,,0.0,0.0,,0.0,0.0,346.3,347
671230000,,0,0.0,6.2,1.0,1.4,,0.0,0.0,0.0,,0.0,0.0,,0.0,0.0,1.4,2
671240000,,0,0.0,2934.5,23.6,660.3,1120.0,21.1,21.1,1836.8,,0.0,0.0,,0.0,0.0,2497.1,2498
671250000,,0,0.0,995.8,8.0,224.1,320.0,6.0,6.0,524.8,,0.0,0.0,,0.0,0.0,748.9,749
671260000,,0,0.0,,0.0,0.0,,0.0,0.0,0.0,,0.0,0.0,,0.0,0.0,0.0,0
671270000,,0,0.0,,0.0,0.0,,0.0,0.0,0.0,,0.0,0.0,,0.0,0.0,0.0,0
671280000,,0,0.0,104.8,2.0,23.6,233.6,4.4,4.4,383.0,,0.0,0.0,,0.0,0.0,406.6,407
671290000,,0,0.0,,0.0,0.0,,0.0,0.0,0.0,,0.0,0.0,,0.0,0.0,0.0,0
671300101,1719.7,24.1501241,61.6,975.4,10.1,219.5,,0.0,0.0,0.0,,0.0,0.0,,0.0,0.0,219.5,220
671300102,5435.7,71.3916681,190.5,1296.3,11.1,291.7,630.8,12.1,12.1,1034.4,,0.0,0.0,,0.0,0.0,1326.1,1327
671300103,,0,0.0,4259.6,36.4,958.4,411.3,7.7,7.7,674.6,,0.0,0.0,,0.0,0.0,1633.0,1633
671300104,41717.0,578.0445364,1483.5,2929.5,26.0,659.1,865.1,16.3,16.3,1418.8,,0.0,0.0,,0.0,0.0,2077.9,2078
671310000,,0,0.0,4042.7,33.7,909.6,,0.0,0.0,0.0,,0.0,0.0,,0.0,0.0,909.6,910
671320000,,0,0.0,,0.0,0.0,59.2,1.1,1.1,97.1,,0.0,0.0,,0.0,0.0,97.1,98
671330000,,0,0.0,,0.0,0.0,320.0,6.0,6.0,524.8,,0.0,0.0,,0.0,0.0,524.8,525
671340000,,0,0.0,,0.0,0.0,,0.0,0.0,0.0,,0.0,0.0,,0.0,0.0,0.0,0
671350000,,0,0.0,,0.0,0.0,245.3,4.6,4.6,402.3,,0.0,0.0,,0.0,0.0,402.3,403
671360000,,0,0.0,,0.0,0.0,,0.0,0.0,0.0,,0.0,0.0,,0.0,0.0,0.0,0
671370000,,0,0.0,2891.0,24.4,650.5,480.0,9.0,9.0,787.2,,0.0,0.0,,0.0,0.0,1437.7,1438
671380000,,0,0.0,,0.0,0.0,,0.0,0.0,0.0,,0.0,0.0,,0.0,0.0,0.0,0
671390000,,0,0.0,,0.0,0.0,,0.0,0.0,0.0,,0.0,0.0,,0.0,0.0,0.0,0
671400000,,0,0.0,,0.0,0.0,160.0,3.0,3.0,262.4,,0.0,0.0,,0.0,0.0,262.4,263
671410000,,0,0.0,,0.0,0.0,,0.0,0.0,0.0,,0.0,0.0,,0.0,0.0,0.0,0
671420000,,0,0.0,,0.0,0.0,320.0,6.0,6.0,524.8,,0.0,0.0,,0.0,0.0,524.8,525
671430000,,0,0.0,,0.0,0.0,,0.0,0.0,0.0,,0.0,0.0,,0.0,0.0,0.0,0
671440000,,0,0.0,,0.0,0.0,,0.0,0.0,0.0,,0.0,0.0,,0.0,0.0,0.0,0
671450000,,0,0.0,,0.0,0.0,,0.0,0.0,0.0,,0.0,0.0,,0.0,0.0,0.0,0
671460000,,0,0.0,,0.0,0.0,67.5,1.3,1.3,110.7,,0.0,0.0,,0.0,0.0,110.7,111
671470000,,0,0.0,,0.0,0.0,,0.0,0.0,0.0,,0.0,0.0,,0.0,0.0,0.0,0
671480000,,0,0.0,,0.0,0.0,160.0,3.0,3.0,262.4,,0.0,0.0,,0.0,0.0,262.4,263
671490000,,0,0.0,,0.0,0.0,,0.0,0.0,0.0,,0.0,0.0,,0.0,0.0,0.0,0
671500000,,0,0.0,,0.0,0.0,132.3,2.5,2.5,216.9,,0.0,0.0,,0.0,0.0,216.9,217
671510000,,0,0.0,1883.2,18.0,423.7,649.7,12.8,12.8,1065.6,,0.0,0.0,158.2,2.6,31.6,1520.9,1521
671520101,,0,0.0,5132.8,41.2,1154.9,480.0,9.0,9.0,787.2,,0.0,0.0,,0.0,0.0,1942.1,1943
671520102,,0,0.0,2191.7,17.5,493.1,480.0,9.0,9.0,787.2,,0.0,0.0,,0.0,0.0,1280.3,1281
671530000,,0,0.0,,0.0,0.0,,0.0,0.0,0.0,,0.0,0.0,,0.0,0.0,0.0,0
671540000,,0,0.0,4117.7,34.0,926.5,709.4,13.3,13.3,1163.5,,0.0,0.0,,0.0,0.0,2090.0,2090
671550000,,0,0.0,301.1,3.3,67.7,40.7,1.0,1.0,66.8,,0.0,0.0,283.1,4.7,56.6,191.1,192
671560000,,0,0.0,96.4,1.0,21.7,407.7,7.7,7.7,668.6,,0.0,0.0,,0.0,0.0,690.3,691
671590000,,0,0.0,,0.0,0.0,,0.0,0.0,0.0,,0.0,0.0,,0.0,0.0,0.0,0
671600000,,0,0.0,22.0,1.0,5.0,218.2,4.1,4.1,357.8,,0.0,0.0,,0.0,0.0,362.8,363
671610000,,0,0.0,,0.0,0.0,,0.0,0.0,0.0,,0.0,0.0,,0.0,0.0,0.0,0
671620000,,0,0.0,,0.0,0.0,,0.0,0.0,0.0,,0.0,0.0,,0.0,0.0,0.0,0
671630000,,0,0.0,,0.0,0.0,36.4,1.0,1.0,59.7,,0.0,0.0,,0.0,0.0,59.7,60
671640000,,0,0.0,,0.0,0.0,197.3,4.0,4.0,323.6,,0.0,0.0,,0.0,0.0,323.6,324
671650000,,0,0.0,,0.0,0.0,160.0,3.0,3.0,262.4,,0.0,0.0,,0.0,0.0,262.4,263
671660000,,0,0.0,,0.0,0.0,,0.0,0.0,0.0,,0.0,0.0,,0.0,0.0,0.0,0
671670000,,0,0.0,,0.0,0.0,320.0,6.0,6.0,524.8,,0.0,0.0,,0.0,0.0,524.8,525
671680000,,0,0.0,77.7,1.0,17.5,,0.0,0.0,0.0,,0.0,0.0,,0.0,0.0,17.5,18
671690000,,0,0.0,3451.5,47.9,776.6,,0.0,0.0,0.0,,0.0,0.0,,0.0,0.0,776.6,777
671720000,,0,0.0,714.2,7.1,160.7,160.0,3.0,3.0,262.4,,0.0,0.0,,0.0,0.0,423.1,424
671730000,,0,0.0,101.7,2.0,22.9,,0.0,0.0,0.0,,0.0,0.0,,0.0,0.0,22.9,23
671740000,,0,0.0,183.3,1.5,41.2,,0.0,0.0,0.0,,0.0,0.0,,0.0,0.0,41.2,42
671760000,,0,0.0,147.1,3.0,33.1,270.9,5.3,5.3,444.3,,0.0,0.0,,0.0,0.0,477.4,478
671770000,,0,0.0,926.9,10.5,208.5,27.0,1.0,1.0,44.3,,0.0,0.0,,0.0,0.0,252.9,253
671780000,,0,0.0,,0.0,0.0,,0.0,0.0,0.0,,0.0,0.0,,0.0,0.0,0.0,0
671790000,,0,0.0,101.7,2.0,22.9,,0.0,0.0,0.0,,0.0,0.0,104.6,2.3,20.9,43.8,44
671800101,,0,0.0,402.9,4.4,90.6,1674.3,32.3,32.3,2745.8,,0.0,0.0,,0.0,0.0,2836.4,2837
671800102,6389.7,86.3916935,225.2,5204.7,42.3,1171.1,1092.4,21.2,21.2,1791.6,1000.0,8.3,450.0,2009.5,33.6,401.9,3814.5,3815
671800201,,0,0.0,,0.0,0.0,160.0,3.0,3.0,262.4,,0.0,0.0,,0.0,0.0,262.4,263
671800202,,0,0.0,27.6,1.0,6.2,,0.0,0.0,0.0,,0.0,0.0,,0.0,0.0,6.2,7
671800203,,0,0.0,211.2,2.0,47.5,,0.0,0.0,0.0,,0.0,0.0,,0.0,0.0,47.5,48
671800204,,0,0.0,124.2,2.0,27.9,90.1,1.7,1.7,147.8,,0.0,0.0,,0.0,0.0,175.8,176
671800205,,0,0.0,,0.0,0.0,480.0,9.0,9.0,787.2,,0.0,0.0,,0.0,0.0,787.2,788
671800301,,0,0.0,44.0,1.0,9.9,,0.0,0.0,0.0,,0.0,0.0,,0.0,0.0,9.9,10
671800302,,0,0.0,108.4,2.0,24.4,64.5,1.2,1.2,105.7,,0.0,0.0,,0.0,0.0,130.1,131
671800401,,0,0.0,,0.0,0.0,,0.0,0.0,0.0,,0.0,0.0,,0.0,0.0,0.0,0
671800402,,0,0.0,72.6,2.0,16.3,83.1,1.6,1.6,136.3,,0.0,0.0,,0.0,0.0,152.7,153
671800403,,0,0.0,287.6,6.0,64.7,,0.0,0.0,0.0,,0.0,0.0,,0.0,0.0,64.7,65
671800404,,0,0.0,230.4,3.1,51.8,,0.0,0.0,0.0,,0.0,0.0,,0.0,0.0,51.8,52
671800501,50809.4,663.7359899,1780.2,27.3,1.0,6.2,,0.0,0.0,0.0,,0.0,0.0,,0.0,0.0,6.2,7
671800502,,0,0.0,,0.0,0.0,,0.0,0.0,0.0,,0.0,0.0,,0.0,0.0,0.0,0
671800503,,0,0.0,,0.0,0.0,,0.0,0.0,0.0,,0.0,0.0,,0.0,0.0,0.0,0
671810000,,0,0.0,,0.0,0.0,284.2,5.3,5.3,466.1,,0.0,0.0,,0.0,0.0,466.1,467
671820000,,0,0.0,1255.2,10.9,282.4,59.5,1.1,1.1,97.6,,0.0,0.0,,0.0,0.0,380.0,380
671830000,,0,0.0,,0.0,0.0,,0.0,0.0,0.0,,0.0,0.0,,0.0,0.0,0.0,0
671840000,,0,0.0,3557.1,35.1,800.3,82.4,1.5,1.5,135.1,,0.0,0.0,2887.5,52.6,577.5,1512.9,1513
671850000,,0,0.0,,0.0,0.0,,0.0,0.0,0.0,,0.0,0.0,,0.0,0.0,0.0,0
671860000,,0,0.0,,0.0,0.0,,0.0,0.0,0.0,,0.0,0.0,,0.0,0.0,0.0,0
671870000,,0,0.0,,0.0,0.0,,0.0,0.0,0.0,,0.0,0.0,,0.0,0.0,0.0,0
671880000,,0,0.0,,0.0,0.0,,0.0,0.0,0.0,,0.0,0.0,,0.0,0.0,0.0,0
671890000,,0,0.0,,0.0,0.0,243.8,4.6,4.6,399.9,,0.0,0.0,,0.0,0.0,399.9,400
671900000,,0,0.0,,0.0,0.0,,0.0,0.0,0.0,,0.0,0.0,,0.0,0.0,0.0,0
671910000,,0,0.0,,0.0,0.0,139.4,2.6,2.6,228.6,,0.0,0.0,,0.0,0.0,228.6,229
671920000,,0,0.0,1185.6,13.0,266.8,,0.0,0.0,0.0,,0.0,0.0,,0.0,0.0,266.8,267
671940000,,0,0.0,3078.3,24.6,692.6,150.1,2.8,2.8,246.2,,0.0,0.0,,0.0,0.0,938.8,939
671950000,,0,0.0,274.2,3.2,61.7,,0.0,0.0,0.0,,0.0,0.0,,0.0,0.0,61.7,62
671960000,,0,0.0,993.4,7.9,223.5,,0.0,0.0,0.0,,0.0,0.0,,0.0,0.0,223.5,224
671970000,,0,0.0,,0.0,0.0,,0.0,0.0,0.0,,0.0,0.0,,0.0,0.0,0.0,0
671980000,,0,0.0,,0.0,0.0,,0.0,0.0,0.0,,0.0,0.0,,0.0,0.0,0.0,0
671990000,,0,0.0,,0.0,0.0,,0.0,0.0,0.0,,0.0,0.0,,0.0,0.0,0.0,0
672000000,,0,0.0,54.8,2.0,12.3,,0.0,0.0,0.0,,0.0,0.0,,0.0,0.0,12.3,13
672010000,,0,0.0,,0.0,0.0,,0.0,0.0,0.0,,0.0,0.0,,0.0,0.0,0.0,0
672020000,,0,0.0,2347.7,19.7,528.2,786.9,15.1,15.1,1290.6,,0.0,0.0,,0.0,0.0,1818.8,1819
672030000,,0,0.0,,0.0,0.0,,0.0,0.0,0.0,,0.0,0.0,,0.0,0.0,0.0,0
672040101,,0,0.0,,0.0,0.0,,0.0,0.0,0.0,,0.0,0.0,,0.0,0.0,0.0,0
672040102,,0,0.0,,0.0,0.0,160.0,3.0,3.0,262.4,,0.0,0.0,,0.0,0.0,262.4,263
672040103,,0,0.0,,0.0,0.0,,0.0,0.0,0.0,,0.0,0.0,,0.0,0.0,0.0,0
672040104,,0,0.0,,0.0,0.0,,0.0,0.0,0.0,,0.0,0.0,,0.0,0.0,0.0,0
672040105,,0,0.0,1170.7,9.4,263.4,,0.0,0.0,0.0,,0.0,0.0,,0.0,0.0,263.4,264
672050000,,0,0.0,126.3,2.0,28.4,648.2,12.7,12.7,1063.1,,0.0,0.0,,0.0,0.0,1091.5,1092
672060000,,0,0.0,530.2,4.2,119.3,386.9,7.4,7.4,634.6,,0.0,0.0,,0.0,0.0,753.9,754
672080000,,0,0.0,,0.0,0.0,76.3,1.4,1.4,125.1,,0.0,0.0,,0.0,0.0,125.1,126
672090000,,0,0.0,,0.0,0.0,,0.0,0.0,0.0,,0.0,0.0,,0.0,0.0,0.0,0
672100000,,0,0.0,,0.0,0.0,987.5,18.6,18.6,1619.4,,0.0,0.0,,0.0,0.0,1619.4,1620
672120000,,0,0.0,158.2,2.0,35.6,160.0,3.0,3.0,262.4,,0.0,0.0,,0.0,0.0,298.0,298
672130000,,0,0.0,621.1,5.0,139.8,212.6,4.0,4.0,348.6,,0.0,0.0,695.7,11.6,139.1,627.5,628
672140000,,0,0.0,,0.0,0.0,,0.0,0.0,0.0,,0.0,0.0,,0.0,0.0,0.0,0
672150000,,0,0.0,,0.0,0.0,,0.0,0.0,0.0,,0.0,0.0,,0.0,0.0,0.0,0
672160000,,0,0.0,91.6,2.0,20.6,160.0,3.0,3.0,262.4,,0.0,0.0,,0.0,0.0,283.0,284
672170000,,0,0.0,,0.0,0.0,,0.0,0.0,0.0,,0.0,0.0,,0.0,0.0,0.0,0
672180101,,0,0.0,312.0,4.0,70.2,75.9,1.4,1.4,124.4,,0.0,0.0,,0.0,0.0,194.6,195
672180102,,0,0.0,,0.0,0.0,255.5,4.8,4.8,418.9,,0.0,0.0,,0.0,0.0,418.9,419
672180103,,0,0.0,1116.7,9.3,251.3,1120.0,21.1,21.1,1836.8,,0.0,0.0,,0.0,0.0,2088.1,2089
672180104,,0,0.0,2258.2,18.1,508.1,1140.0,21.4,21.4,1869.6,,0.0,0.0,,0.0,0.0,2377.6,2378
672180201,,0,0.0,1414.2,13.6,318.2,960.0,18.0,18.0,1574.4,,0.0,0.0,,0.0,0.0,1892.6,1893
672180202,37176.9,483.8077072,1301.2,,0.0,0.0,160.0,3.0,3.0,262.4,,0.0,0.0,,0.0,0.0,262.4,263
672180203,,0,0.0,,0.0,0.0,386.7,7.3,7.3,634.2,,0.0,0.0,,0.0,0.0,634.2,635
672180301,,0,0.0,,0.0,0.0,,0.0,0.0,0.0,,0.0,0.0,,0.0,0.0,0.0,0
672180302,,0,0.0,,0.0,0.0,,0.0,0.0,0.0,,0.0,0.0,,0.0,0.0,0.0,0
672180303,,0,0.0,777.6,6.2,175.0,160.0,3.0,3.0,262.4,,0.0,0.0,,0.0,0.0,437.4,438
672200000,,0,0.0,,0.0,0.0,,0.0,0.0,0.0,,0.0,0.0,,0.0,0.0,0.0,0
672210000,,0,0.0,,0.0,0.0,,0.0,0.0,0.0,,0.0,0.0,,0.0,0.0,0.0,0
672220000,,0,0.0,2549.2,20.4,573.6,1280.0,24.1,24.1,2099.2,,0.0,0.0,,0.0,0.0,2672.8,2673
672230000,,0,0.0,,0.0,0.0,,0.0,0.0,0.0,,0.0,0.0,,0.0,0.0,0.0,0
672250000,,0,0.0,,0.0,0.0,,0.0,0.0,0.0,,0.0,0.0,,0.0,0.0,0.0,0
672260000,,0,0.0,100.8,2.0,22.7,44.9,1.0,1.0,73.6,,0.0,0.0,,0.0,0.0,96.3,97
672270000,,0,0.0,,0.0,0.0,172.3,3.2,3.2,282.7,,0.0,0.0,,0.0,0.0,282.7,283
672280000,,0,0.0,220.4,6.0,49.6,,0.0,0.0,0.0,,0.0,0.0,,0.0,0.0,49.6,50
672290000,,0,0.0,,0.0,0.0,,0.0,0.0,0.0,,0.0,0.0,,0.0,0.0,0.0,0
672300000,,0,0.0,46.0,1.0,10.3,,0.0,0.0,0.0,,0.0,0.0,,0.0,0.0,10.3,11
672310000,,0,0.0,,0.0,0.0,,0.0,0.0,0.0,,0.0,0.0,,0.0,0.0,0.0,0
672320000,,0,0.0,,0.0,0.0,,0.0,0.0,0.0,,0.0,0.0,,0.0,0.0,0.0,0
672330000,,0,0.0,296.3,4.1,66.7,,0.0,0.0,0.0,,0.0,0.0,,0.0,0.0,66.7,67
672340000,,0,0.0,,0.0,0.0,320.0,6.0,6.0,524.8,,0.0,0.0,,0.0,0.0,524.8,525
672350000,,0,0.0,,0.0,0.0,,0.0,0.0,0.0,,0.0,0.0,,0.0,0.0,0.0,0
672370000,,0,0.0,,0.0,0.0,316.0,5.9,5.9,518.2,,0.0,0.0,,0.0,0.0,518.2,519
672380000,,0,0.0,,0.0,0.0,,0.0,0.0,0.0,,0.0,0.0,,0.0,0.0,0.0,0
672390000,,0,0.0,7527.2,87.7,1693.6,854.3,16.4,16.4,1401.0,,0.0,0.0,,0.0,0.0,3094.6,3095
672400000,,0,0.0,110.2,2.0,24.8,,0.0,0.0,0.0,,0.0,0.0,,0.0,0.0,24.8,25
672410000,,0,0.0,,0.0,0.0,,0.0,0.0,0.0,,0.0,0.0,,0.0,0.0,0.0,0
672420000,,0,0.0,,0.0,0.0,,0.0,0.0,0.0,,0.0,0.0,,0.0,0.0,0.0,0
672440000,,0,0.0,,0.0,0.0,,0.0,0.0,0.0,,0.0,0.0,,0.0,0.0,0.0,0
672450000,,0,0.0,,0.0,0.0,,0.0,0.0,0.0,,0.0,0.0,,0.0,0.0,0.0,0
672460000,,0,0.0,,0.0,0.0,143.2,2.7,2.7,234.9,,0.0,0.0,,0.0,0.0,234.9,235
672470000,,0,0.0,24.6,2.0,5.5,,0.0,0.0,0.0,,0.0,0.0,,0.0,0.0,5.5,6
672480000,,0,0.0,14.4,1.0,3.2,,0.0,0.0,0.0,,0.0,0.0,,0.0,0.0,3.2,4
672490000,,0,0.0,,0.0,0.0,,0.0,0.0,0.0,,0.0,0.0,,0.0,0.0,0.0,0
672500000,,0,0.0,,0.0,0.0,,0.0,0.0,0.0,,0.0,0.0,,0.0,0.0,0.0,0
672520000,,0,0.0,,0.0,0.0,78.3,1.5,1.5,128.4,,0.0,0.0,,0.0,0.0,128.4,129
672530000,,0,0.0,74.5,1.0,16.8,,0.0,0.0,0.0,,0.0,0.0,,0.0,0.0,16.8,17
672540000,,0,0.0,,0.0,0.0,160.0,3.0,3.0,262.4,,0.0,0.0,,0.0,0.0,262.4,263
672550000,,0,0.0,,0.0,0.0,,0.0,0.0,0.0,,0.0,0.0,,0.0,0.0,0.0,0
672560000,,0,0.0,1393.8,11.2,313.6,640.0,12.0,12.0,1049.6,,0.0,0.0,,0.0,0.0,1363.2,1364
672570000,,0,0.0,,0.0,0.0,160.0,3.0,3.0,262.4,,0.0,0.0,,0.0,0.0,262.4,263
672580000,,0,0.0,,0.0,0.0,,0.0,0.0,0.0,,0.0,0.0,,0.0,0.0,0.0,0
672590000,,0,0.0,432.2,4.2,97.2,,0.0,0.0,0.0,,0.0,0.0,760.7,12.7,152.1,249.4,250
672600000,,0,0.0,,0.0,0.0,,0.0,0.0,0.0,,0.0,0.0,,0.0,0.0,0.0,0
672610000,,0,0.0,2230.1,21.5,501.8,896.0,16.9,16.9,1469.4,,0.0,0.0,,0.0,0.0,1971.1,1972
672630000,,0,0.0,2838.8,29.3,638.7,631.4,13.1,13.1,1035.5,,0.0,0.0,734.7,12.9,146.9,1821.2,1822
672640000,,0,0.0,,0.0,0.0,65.4,1.2,1.2,107.3,,0.0,0.0,,0.0,0.0,107.3,108
672650000,,0,0.0,,0.0,0.0,640.0,12.0,12.0,1049.6,,0.0,0.0,,0.0,0.0,1049.6,1050
672660000,,0,0.0,,0.0,0.0,,0.0,0.0,0.0,,0.0,0.0,,0.0,0.0,0.0,0
672670101,,0,0.0,741.9,5.9,166.9,,0.0,0.0,0.0,,0.0,0.0,,0.0,0.0,166.9,167
672670102,,0,0.0,1417.8,11.3,319.0,,0.0,0.0,0.0,,0.0,0.0,,0.0,0.0,319.0,320
672670201,,0,0.0,,0.0,0.0,,0.0,0.0,0.0,,0.0,0.0,,0.0,0.0,0.0,0
672670202,,0,0.0,,0.0,0.0,,0.0,0.0,0.0,,0.0,0.0,,0.0,0.0,0.0,0
672670203,,0,0.0,993.4,7.9,223.5,,0.0,0.0,0.0,,0.0,0.0,,0.0,0.0,223.5,224
672670301,,0,0.0,484.1,3.9,108.9,,0.0,0.0,0.0,,0.0,0.0,,0.0,0.0,108.9,109
672670302,,0,0.0,2133.6,17.1,480.1,160.0,3.0,3.0,262.4,,0.0,0.0,,0.0,0.0,742.5,743
672680000,,0,0.0,,0.0,0.0,243.4,4.6,4.6,399.1,,0.0,0.0,,0.0,0.0,399.1,400
672690000,,0,0.0,,0.0,0.0,,0.0,0.0,0.0,,0.0,0.0,,0.0,0.0,0.0,0
672700000,,0,0.0,,0.0,0.0,,0.0,0.0,0.0,,0.0,0.0,,0.0,0.0,0.0,0
672710000,,0,0.0,,0.0,0.0,56.5,1.1,1.1,92.6,,0.0,0.0,,0.0,0.0,92.6,93
672720000,,0,0.0,,0.0,0.0,,0.0,0.0,0.0,,0.0,0.0,,0.0,0.0,0.0,0
672730000,,0,0.0,,0.0,0.0,,0.0,0.0,0.0,,0.0,0.0,,0.0,0.0,0.0,0
672740000,,0,0.0,,0.0,0.0,,0.0,0.0,0.0,,0.0,0.0,,0.0,0.0,0.0,0
672750000,,0,0.0,938.5,7.5,211.2,,0.0,0.0,0.0,,0.0,0.0,,0.0,0.0,211.2,212
672760000,,0,0.0,,0.0,0.0,133.2,2.7,2.7,218.4,,0.0,0.0,,0.0,0.0,218.4,219
672770000,,0,0.0,,0.0,0.0,,0.0,0.0,0.0,,0.0,0.0,,0.0,0.0,0.0,0
672780000,,0,0.0,,0.0,0.0,160.0,3.0,3.0,262.4,,0.0,0.0,,0.0,0.0,262.4,263
672790000,,0,0.0,,0.0,0.0,,0.0,0.0,0.0,,0.0,0.0,,0.0,0.0,0.0,0
672800000,,0,0.0,,0.0,0.0,,0.0,0.0,0.0,,0.0,0.0,,0.0,0.0,0.0,0
672810000,,0,0.0,1063.4,13.4,239.3,473.3,8.9,8.9,776.2,,0.0,0.0,,0.0,0.0,1015.5,1016
672820000,,0,0.0,280.6,6.0,63.1,404.5,7.6,7.6,663.5,,0.0,0.0,,0.0,0.0,726.6,727
672830000,,0,0.0,445.9,6.7,100.3,631.6,11.9,11.9,1035.9,,0.0,0.0,,0.0,0.0,1136.2,1137
672850000,,0,0.0,1698.2,13.6,382.1,,0.0,0.0,0.0,,0.0,0.0,,0.0,0.0,382.1,383
672860000,,0,0.0,,0.0,0.0,,0.0,0.0,0.0,,0.0,0.0,,0.0,0.0,0.0,0
672870000,,0,0.0,,0.0,0.0,160.0,3.0,3.0,262.4,,0.0,0.0,,0.0,0.0,262.4,263
672880000,,0,0.0,,0.0,0.0,,0.0,0.0,0.0,,0.0,0.0,,0.0,0.0,0.0,0
672890000,,0,0.0,,0.0,0.0,,0.0,0.0,0.0,,0.0,0.0,,0.0,0.0,0.0,0
672900000,,0,0.0,130.0,1.0,29.3,160.0,3.0,3.0,262.4,,0.0,0.0,145.6,2.4,29.1,320.8,321
672910000,,0,0.0,,0.0,0.0,129.5,2.4,2.4,212.4,,0.0,0.0,,0.0,0.0,212.4,213
672920000,,0,0.0,,0.0,0.0,,0.0,0.0,0.0,,0.0,0.0,,0.0,0.0,0.0,0
672930000,,0,0.0,,0.0,0.0,,0.0,0.0,0.0,,0.0,0.0,,0.0,0.0,0.0,0
672950000,,0,0.0,,0.0,0.0,243.5,4.6,4.6,399.4,,0.0,0.0,,0.0,0.0,399.4,400
672960000,,0,0.0,1044.8,8.4,235.1,320.0,6.0,6.0,524.8,,0.0,0.0,,0.0,0.0,759.9,760
672980000,,0,0.0,,0.0,0.0,,0.0,0.0,0.0,,0.0,0.0,,0.0,0.0,0.0,0
672990000,,0,0.0,114.9,1.0,25.9,235.3,4.4,4.4,385.9,,0.0,0.0,,0.0,0.0,411.7,412
673000101,,0,0.0,1474.6,14.5,331.8,459.4,9.0,9.0,753.4,,0.0,0.0,455.7,8.6,91.1,1176.4,1177
673000102,,0,0.0,377.6,10.0,85.0,245.5,4.6,4.6,402.6,,0.0,0.0,,0.0,0.0,487.6,488
673000103,,0,0.0,17.2,1.0,3.9,,0.0,0.0,0.0,,0.0,0.0,,0.0,0.0,3.9,4
673000104,,0,0.0,1861.6,15.7,418.9,68.5,1.3,1.3,112.3,,0.0,0.0,,0.0,0.0,531.1,532
673010000,,0,0.0,222.4,2.3,50.0,50.2,1.0,1.0,82.3,,0.0,0.0,,0.0,0.0,132.3,133
673020000,,0,0.0,,0.0,0.0,234.8,4.4,4.4,385.1,,0.0,0.0,,0.0,0.0,385.1,386
673030000,,0,0.0,3454.3,33.7,777.2,157.0,3.3,3.3,257.5,,0.0,0.0,,0.0,0.0,1034.7,1035
673040000,,0,0.0,,0.0,0.0,,0.0,0.0,0.0,,0.0,0.0,,0.0,0.0,0.0,0
673050000,,0,0.0,,0.0,0.0,320.0,6.0,6.0,524.8,,0.0,0.0,,0.0,0.0,524.8,525
673060000,,0,0.0,,0.0,0.0,37.8,1.0,1.0,61.9,,0.0,0.0,,0.0,0.0,61.9,62
673070000,,0,0.0,,0.0,0.0,,0.0,0.0,0.0,,0.0,0.0,,0.0,0.0,0.0,0
673080000,,0,0.0,,0.0,0.0,160.0,3.0,3.0,262.4,,0.0,0.0,,0.0,0.0,262.4,263
673090101,,0,0.0,921.6,7.4,207.4,320.0,6.0,6.0,524.8,,0.0,0.0,,0.0,0.0,732.2,733
673090102,,0,0.0,,0.0,0.0,480.0,9.0,9.0,787.2,,0.0,0.0,,0.0,0.0,787.2,788
673100000,,0,0.0,102.1,1.0,23.0,160.0,3.0,3.0,262.4,,0.0,0.0,,0.0,0.0,285.4,286
673110000,,0,0.0,14.2,1.0,3.2,38.4,1.0,1.0,63.0,,0.0,0.0,,0.0,0.0,66.2,67
673120000,,0,0.0,,0.0,0.0,,0.0,0.0,0.0,,0.0,0.0,,0.0,0.0,0.0,0
673130101,,0,0.0,1478.6,11.8,332.7,69.5,2.0,2.0,114.0,1000.0,8.3,450.0,,0.0,0.0,896.7,897
673130102,,0,0.0,2047.9,16.4,460.8,462.8,8.7,8.7,759.1,,0.0,0.0,,0.0,0.0,1219.9,1220
673140000,,0,0.0,2030.2,16.2,456.8,,0.0,0.0,0.0,,0.0,0.0,2849.6,47.6,569.9,1026.7,1027
673150000,,0,0.0,,0.0,0.0,320.0,6.0,6.0,524.8,,0.0,0.0,,0.0,0.0,524.8,525
673170000,,0,0.0,,0.0,0.0,,0.0,0.0,0.0,,0.0,0.0,,0.0,0.0,0.0,0
673190000,,0,0.0,,0.0,0.0,126.1,2.4,2.4,206.8,,0.0,0.0,,0.0,0.0,206.8,207
673200000,,0,0.0,,0.0,0.0,,0.0,0.0,0.0,,0.0,0.0,,0.0,0.0,0.0,0
673210000,,0,0.0,,0.0,0.0,,0.0,0.0,0.0,,0.0,0.0,,0.0,0.0,0.0,0
673220000,,0,0.0,,0.0,0.0,160.0,3.0,3.0,262.4,,0.0,0.0,,0.0,0.0,262.4,263
673240000,,0,0.0,108.6,2.0,24.4,606.3,11.4,11.4,994.3,,0.0,0.0,,0.0,0.0,1018.7,1019
673250000,,0,0.0,1739.9,13.9,391.5,,0.0,0.0,0.0,,0.0,0.0,,0.0,0.0,391.5,392
673260000,,0,0.0,,0.0,0.0,160.0,3.0,3.0,262.4,,0.0,0.0,,0.0,0.0,262.4,263
673270000,,0,0.0,46.5,1.0,10.5,,0.0,0.0,0.0,,0.0,0.0,,0.0,0.0,10.5,11
673280000,,0,0.0,,0.0,0.0,135.6,2.5,2.5,222.4,,0.0,0.0,,0.0,0.0,222.4,223
673290000,,0,0.0,1784.1,20.5,401.4,,0.0,0.0,0.0,,0.0,0.0,,0.0,0.0,401.4,402
673300000,,0,0.0,,0.0,0.0,388.2,7.3,7.3,636.6,,0.0,0.0,,0.0,0.0,636.6,637
673310000,,0,0.0,,0.0,0.0,,0.0,0.0,0.0,,0.0,0.0,,0.0,0.0,0.0,0
673330000,,0,0.0,,0.0,0.0,,0.0,0.0,0.0,,0.0,0.0,,0.0,0.0,0.0,0
673340000,,0,0.0,,0.0,0.0,211.5,4.0,4.0,346.9,,0.0,0.0,,0.0,0.0,346.9,347
673350000,,0,0.0,258.5,2.1,58.2,,0.0,0.0,0.0,,0.0,0.0,,0.0,0.0,58.2,59
673360000,,0,0.0,,0.0,0.0,131.6,2.5,2.5,215.9,,0.0,0.0,,0.0,0.0,215.9,216
673370000,,0,0.0,80.8,2.0,18.2,,0.0,0.0,0.0,,0.0,0.0,,0.0,0.0,18.2,19
673380000,,0,0.0,,0.0,0.0,80.4,1.5,1.5,131.9,,0.0,0.0,,0.0,0.0,131.9,132
673390000,,0,0.0,3855.7,32.7,867.5,57.7,1.1,1.1,94.7,,0.0,0.0,,0.0,0.0,962.2,963
673400000,,0,0.0,12.7,1.0,2.9,245.0,5.4,5.4,401.8,,0.0,0.0,,0.0,0.0,404.7,405
673410000,,0,0.0,94.7,1.0,21.3,,0.0,0.0,0.0,,0.0,0.0,,0.0,0.0,21.3,22
673420000,,0,0.0,,0.0,0.0,640.0,12.0,12.0,1049.6,,0.0,0.0,,0.0,0.0,1049.6,1050
673430000,,0,0.0,1141.0,9.1,256.7,480.0,9.0,9.0,787.2,,0.0,0.0,,0.0,0.0,1043.9,1044
673440000,,0,0.0,119.7,1.0,26.9,,0.0,0.0,0.0,,0.0,0.0,,0.0,0.0,26.9,27
673450000,,0,0.0,445.3,3.6,100.2,62.1,1.2,1.2,101.8,,0.0,0.0,,0.0,0.0,202.0,202
673460000,,0,0.0,,0.0,0.0,,0.0,0.0,0.0,,0.0,0.0,,0.0,0.0,0.0,0
673470000,,0,0.0,494.9,4.0,111.4,480.0,9.0,9.0,787.2,,0.0,0.0,443.4,7.4,88.7,987.2,988
673480101,,0,0.0,2116.4,20.0,476.2,231.0,5.0,5.0,378.9,,0.0,0.0,,0.0,0.0,855.1,856
673480102,,0,0.0,468.5,8.1,105.4,160.0,3.0,3.0,262.4,,0.0,0.0,,0.0,0.0,367.8,368
673480103,7531.2,102.3441181,264.4,19.6,1.0,4.4,2760.1,54.6,54.6,4526.6,,0.0,0.0,,0.0,0.0,4531.0,4531
673480104,,0,0.0,1266.7,10.4,285.0,174.0,4.0,4.0,285.4,,0.0,0.0,,0.0,0.0,570.4,571
673480105,14097.6,183.2688559,493.4,7202.6,60.7,1620.6,160.0,3.0,3.0,262.4,,0.0,0.0,,0.0,0.0,1883.0,1883
673490000,,0,0.0,,0.0,0.0,,0.0,0.0,0.0,,0.0,0.0,,0.0,0.0,0.0,0
673500000,,0,0.0,1798.0,14.5,404.5,320.0,6.0,6.0,524.8,,0.0,0.0,,0.0,0.0,929.3,930
673510000,,0,0.0,,0.0,0.0,251.1,5.3,5.3,411.8,,0.0,0.0,,0.0,0.0,411.8,412
673520000,,0,0.0,,0.0,0.0,,0.0,0.0,0.0,,0.0,0.0,,0.0,0.0,0.0,0
673530000,,0,0.0,,0.0,0.0,405.8,7.6,7.6,665.5,,0.0,0.0,,0.0,0.0,665.5,666
673540000,,0,0.0,110.0,1.0,24.8,,0.0,0.0,0.0,,0.0,0.0,,0.0,0.0,24.8,25
673550000,,0,0.0,,0.0,0.0,,0.0,0.0,0.0,,0.0,0.0,,0.0,0.0,0.0,0
673560000,,0,0.0,317.2,3.8,71.4,452.2,8.5,8.5,741.6,,0.0,0.0,,0.0,0.0,812.9,813
673580000,,0,0.0,74.2,2.0,16.7,,0.0,0.0,0.0,,0.0,0.0,62.9,2.0,12.6,29.3,30
673590000,,0,0.0,66.2,1.0,14.9,,0.0,0.0,0.0,,0.0,0.0,,0.0,0.0,14.9,15
673600000,,0,0.0,156.4,2.0,35.2,,0.0,0.0,0.0,,0.0,0.0,,0.0,0.0,35.2,36
673610000,,0,0.0,,0.0,0.0,209.2,4.0,4.0,343.2,,0.0,0.0,,0.0,0.0,343.2,344
673620000,,0,0.0,,0.0,0.0,320.0,6.0,6.0,524.8,,0.0,0.0,,0.0,0.0,524.8,525
673630000,,0,0.0,904.5,9.2,203.5,52.6,1.0,1.0,86.2,,0.0,0.0,,0.0,0.0,289.7,290
673640000,,0,0.0,,0.0,0.0,,0.0,0.0,0.0,,0.0,0.0,,0.0,0.0,0.0,0
673650102,,0,0.0,1108.6,8.9,249.4,160.0,3.0,3.0,262.4,,0.0,0.0,,0.0,0.0,511.8,512
673650103,,0,0.0,166.3,1.3,37.4,,0.0,0.0,0.0,,0.0,0.0,,0.0,0.0,37.4,38
673650104,,0,0.0,,0.0,0.0,249.6,4.7,4.7,409.3,,0.0,0.0,,0.0,0.0,409.3,410
673650105,,0,0.0,,0.0,0.0,232.2,4.4,4.4,380.8,,0.0,0.0,,0.0,0.0,380.8,381
673660000,,0,0.0,,0.0,0.0,,0.0,0.0,0.0,,0.0,0.0,,0.0,0.0,0.0,0
673670000,,0,0.0,1260.6,11.8,283.6,,0.0,0.0,0.0,,0.0,0.0,,0.0,0.0,283.6,284
673680000,,0,0.0,2667.1,22.8,600.1,1279.7,24.1,24.1,2098.6,,0.0,0.0,,0.0,0.0,2698.7,2699
673690000,,0,0.0,,0.0,0.0,,0.0,0.0,0.0,,0.0,0.0,,0.0,0.0,0.0,0
673700000,,0,0.0,,0.0,0.0,70.2,1.3,1.3,115.1,,0.0,0.0,,0.0,0.0,115.1,116
673710000,,0,0.0,2103.1,16.8,473.2,1120.0,21.1,21.1,1836.8,,0.0,0.0,597.8,10.0,119.6,2429.5,2430
673720000,,0,0.0,1261.6,11.4,283.9,339.2,6.5,6.5,556.3,,0.0,0.0,239.4,4.0,47.9,888.0,888
673730000,,0,0.0,,0.0,0.0,,0.0,0.0,0.0,,0.0,0.0,,0.0,0.0,0.0,0
673750000,,0,0.0,131.2,1.0,29.5,229.1,4.3,4.3,375.8,,0.0,0.0,,0.0,0.0,405.3,406
673770000,,0,0.0,1583.7,12.7,356.3,320.0,6.0,6.0,524.8,,0.0,0.0,,0.0,0.0,881.1,882
673780000,,0,0.0,429.1,4.7,96.5,,0.0,0.0,0.0,,0.0,0.0,,0.0,0.0,96.5,97
673790000,,0,0.0,,0.0,0.0,,0.0,0.0,0.0,,0.0,0.0,,0.0,0.0,0.0,0
673800000,,0,0.0,,0.0,0.0,,0.0,0.0,0.0,,0.0,0.0,,0.0,0.0,0.0,0
673810000,,0,0.0,,0.0,0.0,,0.0,0.0,0.0,,0.0,0.0,,0.0,0.0,0.0,0
673820000,,0,0.0,,0.0,0.0,,0.0,0.0,0.0,,0.0,0.0,,0.0,0.0,0.0,0
673830000,,0,0.0,132.7,1.1,29.9,,0.0,0.0,0.0,,0.0,0.0,,0.0,0.0,29.9,30
673840000,,0,0.0,,0.0,0.0,340.2,6.4,6.4,557.9,,0.0,0.0,,0.0,0.0,557.9,558
673850000,,0,0.0,,0.0,0.0,68.1,1.3,1.3,111.7,,0.0,0.0,,0.0,0.0,111.7,112
673860000,,0,0.0,,0.0,0.0,,0.0,0.0,0.0,,0.0,0.0,,0.0,0.0,0.0,0
673870000,,0,0.0,,0.0,0.0,,0.0,0.0,0.0,,0.0,0.0,,0.0,0.0,0.0,0
673880101,,0,0.0,,0.0,0.0,,0.0,0.0,0.0,,0.0,0.0,,0.0,0.0,0.0,0
673880102,,0,0.0,,0.0,0.0,96.6,1.8,1.8,158.5,,0.0,0.0,,0.0,0.0,158.5,159
673890000,,0,0.0,5235.8,42.4,1178.1,320.0,6.0,6.0,524.8,,0.0,0.0,,0.0,0.0,1702.9,1703
673910000,,0,0.0,,0.0,0.0,,0.0,0.0,0.0,,0.0,0.0,,0.0,0.0,0.0,0
673920000,,0,0.0,,0.0,0.0,320.0,6.0,6.0,524.8,,0.0,0.0,,0.0,0.0,524.8,525
673940000,,0,0.0,,0.0,0.0,57.8,1.1,1.1,94.8,,0.0,0.0,,0.0,0.0,94.8,95
673950000,,0,0.0,,0.0,0.0,,0.0,0.0,0.0,,0.0,0.0,,0.0,0.0,0.0,0
673960000,,0,0.0,,0.0,0.0,79.6,1.5,1.5,130.6,,0.0,0.0,,0.0,0.0,130.6,131
673970000,,0,0.0,5.7,1.0,1.3,31.3,1.0,1.0,51.4,,0.0,0.0,,0.0,0.0,52.7,53
673980000,,0,0.0,,0.0,0.0,,0.0,0.0,0.0,,0.0,0.0,,0.0,0.0,0.0,0
674000000,,0,0.0,,0.0,0.0,68.8,1.3,1.3,112.9,,0.0,0.0,,0.0,0.0,112.9,113
674010000,,0,0.0,,0.0,0.0,,0.0,0.0,0.0,,0.0,0.0,,0.0,0.0,0.0,0
674030000,,0,0.0,,0.0,0.0,65.6,1.2,1.2,107.6,,0.0,0.0,,0.0,0.0,107.6,108
674040000,,0,0.0,,0.0,0.0,,0.0,0.0,0.0,,0.0,0.0,,0.0,0.0,0.0,0
674050000,,0,0.0,,0.0,0.0,889.5,17.2,17.2,1458.7,,0.0,0.0,,0.0,0.0,1458.7,1459
674060000,,0,0.0,,0.0,0.0,,0.0,0.0,0.0,,0.0,0.0,,0.0,0.0,0.0,0
674070000,,0,0.0,,0.0,0.0,,0.0,0.0,0.0,,0.0,0.0,,0.0,0.0,0.0,0
674080000,,0,0.0,390.1,5.1,87.8,92.2,2.4,2.4,151.2,,0.0,0.0,,0.0,0.0,239.0,239
674090000,,0,0.0,,0.0,0.0,465.2,8.7,8.7,763.0,,0.0,0.0,,0.0,0.0,763.0,763
674100000,,0,0.0,,0.0,0.0,,0.0,0.0,0.0,,0.0,0.0,,0.0,0.0,0.0,0
674110000,,0,0.0,4498.1,39.1,1012.1,463.0,8.7,8.7,759.3,,0.0,0.0,,0.0,0.0,1771.4,1772
674120000,,0,0.0,,0.0,0.0,,0.0,0.0,0.0,,0.0,0.0,,0.0,0.0,0.0,0
674130000,,0,0.0,,0.0,0.0,,0.0,0.0,0.0,,0.0,0.0,,0.0,0.0,0.0,0
674140000,,0,0.0,,0.0,0.0,41.8,1.0,1.0,68.6,,0.0,0.0,,0.0,0.0,68.6,69
674150000,,0,0.0,34.1,1.0,7.7,,0.0,0.0,0.0,,0.0,0.0,,0.0,0.0,7.7,8
674160000,,0,0.0,,0.0,0.0,243.2,4.6,4.6,398.9,,0.0,0.0,,0.0,0.0,398.9,399
674170000,,0,0.0,,0.0,0.0,,0.0,0.0,0.0,,0.0,0.0,,0.0,0.0,0.0,0
674180000,,0,0.0,100.6,3.0,22.6,69.0,1.3,1.3,113.2,,0.0,0.0,,0.0,0.0,135.8,136
674200000,,0,0.0,180.7,2.1,40.6,89.2,2.3,2.3,146.3,,0.0,0.0,,0.0,0.0,186.9,187
674210000,,0,0.0,,0.0,0.0,166.4,3.1,3.1,272.9,,0.0,0.0,,0.0,0.0,272.9,273
674220000,,0,0.0,,0.0,0.0,,0.0,0.0,0.0,,0.0,0.0,,0.0,0.0,0.0,0
674230000,,0,0.0,,0.0,0.0,160.0,3.0,3.0,262.4,,0.0,0.0,,0.0,0.0,262.4,263
674240000,,0,0.0,,0.0,0.0,89.4,1.7,1.7,146.6,,0.0,0.0,,0.0,0.0,146.6,147
674250000,,0,0.0,,0.0,0.0,,0.0,0.0,0.0,,0.0,0.0,,0.0,0.0,0.0,0
674260000,,0,0.0,,0.0,0.0,,0.0,0.0,0.0,,0.0,0.0,,0.0,0.0,0.0,0
674270000,,0,0.0,123.0,2.0,27.7,,0.0,0.0,0.0,,0.0,0.0,,0.0,0.0,27.7,28
674280000,,0,0.0,,0.0,0.0,,0.0,0.0,0.0,,0.0,0.0,,0.0,0.0,0.0,0
674290000,,0,0.0,1669.8,20.6,375.7,,0.0,0.0,0.0,,0.0,0.0,,0.0,0.0,375.7,376
674300000,,0,0.0,103.8,2.0,23.4,72.7,1.4,1.4,119.2,,0.0,0.0,,0.0,0.0,142.5,143
674320000,,0,0.0,268.0,2.1,60.3,141.5,2.7,2.7,232.0,,0.0,0.0,,0.0,0.0,292.3,293
674330000,,0,0.0,,0.0,0.0,,0.0,0.0,0.0,,0.0,0.0,,0.0,0.0,0.0,0
674340000,,0,0.0,2297.7,18.4,517.0,320.0,6.0,6.0,524.8,,0.0,0.0,,0.0,0.0,1041.8,1042
674350000,,0,0.0,,0.0,0.0,,0.0,0.0,0.0,,0.0,0.0,,0.0,0.0,0.0,0
674360000,,0,0.0,,0.0,0.0,75.8,2.2,2.2,124.3,,0.0,0.0,,0.0,0.0,124.3,125
674370101,29497.7,383.4695566,1032.4,,0.0,0.0,320.0,6.0,6.0,524.8,,0.0,0.0,,0.0,0.0,524.8,525
674370102,,0,0.0,,0.0,0.0,,0.0,0.0,0.0,,0.0,0.0,,0.0,0.0,0.0,0
674370103,,0,0.0,4545.5,37.2,1022.7,229.8,4.3,4.3,376.9,,0.0,0.0,,0.0,0.0,1399.6,1400
674370104,,0,0.0,3741.1,29.9,841.8,2560.0,48.1,48.1,4198.4,,0.0,0.0,13707.6,228.9,2741.5,7781.7,7782
674370105,,0,0.0,,0.0,0.0,640.0,12.0,12.0,1049.6,,0.0,0.0,,0.0,0.0,1049.6,1050
674370109,,0,0.0,,0.0,0.0,,0.0,0.0,0.0,,0.0,0.0,,0.0,0.0,0.0,0
674380000,,0,0.0,,0.0,0.0,160.0,3.0,3.0,262.4,,0.0,0.0,,0.0,0.0,262.4,263
674400000,,0,0.0,,0.0,0.0,92.6,1.7,1.7,151.8,,0.0,0.0,,0.0,0.0,151.8,152
674410000,,0,0.0,,0.0,0.0,,0.0,0.0,0.0,,0.0,0.0,,0.0,0.0,0.0,0
674420000,,0,0.0,652.2,5.7,146.7,160.0,3.0,3.0,262.4,,0.0,0.0,,0.0,0.0,409.1,410
674430000,,0,0.0,,0.0,0.0,160.0,3.0,3.0,262.4,,0.0,0.0,,0.0,0.0,262.4,263
674440000,,0,0.0,,0.0,0.0,,0.0,0.0,0.0,,0.0,0.0,,0.0,0.0,0.0,0
674450000,,0,0.0,168.6,1.3,37.9,223.4,4.2,4.2,366.3,,0.0,0.0,,0.0,0.0,404.3,405
674460000,,0,0.0,,0.0,0.0,160.0,3.0,3.0,262.4,,0.0,0.0,,0.0,0.0,262.4,263
674470101,,0,0.0,,0.0,0.0,50.3,1.0,1.0,82.5,,0.0,0.0,,0.0,0.0,82.5,83
674470102,,0,0.0,3363.9,26.9,756.9,480.0,9.0,9.0,787.2,,0.0,0.0,,0.0,0.0,1544.1,1545
674470103,49705.3,646.1687869,1739.7,2791.5,22.6,628.1,1536.7,28.9,28.9,2520.2,,0.0,0.0,,0.0,0.0,3148.3,3149
674470201,,0,0.0,,0.0,0.0,480.0,9.0,9.0,787.2,,0.0,0.0,,0.0,0.0,787.2,788
674470202,,0,0.0,5284.5,42.3,1189.0,1591.3,29.9,29.9,2609.7,,0.0,0.0,,0.0,0.0,3798.7,3799
674470203,,0,0.0,,0.0,0.0,2377.2,44.7,44.7,3898.6,,0.0,0.0,,0.0,0.0,3898.6,3899
674470301,309.9,4.0287104,10.8,7506.5,61.0,1689.0,1677.1,31.5,31.5,2750.5,,0.0,0.0,1048.8,17.5,209.8,4649.2,4650
674470302,,0,0.0,200.4,1.6,45.1,252.7,4.8,4.8,414.5,,0.0,0.0,,0.0,0.0,459.6,460
674470401,,0,0.0,,0.0,0.0,374.6,7.0,7.0,614.3,,0.0,0.0,,0.0,0.0,614.3,615
674470402,,0,0.0,10121.4,81.3,2277.3,800.0,15.0,15.0,1312.0,,0.0,0.0,,0.0,0.0,3589.3,3590
674470501,,0,0.0,,0.0,0.0,859.0,16.1,16.1,1408.7,,0.0,0.0,,0.0,0.0,1408.7,1409
674470502,1793.4,23.3136176,62.8,,0.0,0.0,1806.4,34.1,34.1,2962.5,,0.0,0.0,,0.0,0.0,2962.5,2963
674480000,13645.5,178.2751487,478.3,3567.3,31.1,802.7,482.9,9.1,9.1,791.9,,0.0,0.0,5770.5,96.4,1154.1,2748.6,2749
674490000,,0,0.0,,0.0,0.0,37.6,1.0,1.0,61.7,,0.0,0.0,,0.0,0.0,61.7,62
674500000,,0,0.0,,0.0,0.0,,0.0,0.0,0.0,,0.0,0.0,,0.0,0.0,0.0,0
674510000,,0,0.0,,0.0,0.0,222.6,4.2,4.2,365.1,,0.0,0.0,,0.0,0.0,365.1,366
674520000,,0,0.0,,0.0,0.0,60.9,1.1,1.1,99.9,,0.0,0.0,,0.0,0.0,99.9,100
674530000,,0,0.0,,0.0,0.0,53.9,1.0,1.0,88.4,,0.0,0.0,,0.0,0.0,88.4,89
674540000,,0,0.0,,0.0,0.0,,0.0,0.0,0.0,,0.0,0.0,,0.0,0.0,0.0,0
674550000,,0,0.0,,0.0,0.0,,0.0,0.0,0.0,,0.0,0.0,,0.0,0.0,0.0,0
674560000,,0,0.0,,0.0,0.0,,0.0,0.0,0.0,,0.0,0.0,,0.0,0.0,0.0,0
674580000,,0,0.0,4213.0,40.8,947.9,800.0,15.0,15.0,1312.0,,0.0,0.0,,0.0,0.0,2259.9,2260
674590000,,0,0.0,,0.0,0.0,56.0,1.1,1.1,91.8,,0.0,0.0,,0.0,0.0,91.8,92
674600000,,0,0.0,,0.0,0.0,160.0,3.0,3.0,262.4,,0.0,0.0,,0.0,0.0,262.4,263
674610000,,0,0.0,,0.0,0.0,,0.0,0.0,0.0,,0.0,0.0,,0.0,0.0,0.0,0
674620101,,0,0.0,2739.6,22.9,616.4,1933.8,36.5,36.5,3171.4,,0.0,0.0,,0.0,0.0,3787.8,3788
674620102,,0,0.0,,0.0,0.0,160.0,3.0,3.0,262.4,,0.0,0.0,,0.0,0.0,262.4,263
674620103,799.6,10.3943905,28.0,79.8,3.0,18.0,160.0,3.0,3.0,262.4,,0.0,0.0,,0.0,0.0,280.4,281
674620104,,0,0.0,,0.0,0.0,79.3,1.5,1.5,130.1,,0.0,0.0,,0.0,0.0,130.1,131
674620105,,0,0.0,9319.3,87.0,2096.8,160.0,3.0,3.0,262.4,,0.0,0.0,,0.0,0.0,2359.2,2360
674620106,32893.8,430.2673253,1151.9,,0.0,0.0,,0.0,0.0,0.0,,0.0,0.0,,0.0,0.0,0.0,0
674620107,,0,0.0,4.7,1.0,1.1,,0.0,0.0,0.0,,0.0,0.0,,0.0,0.0,1.1,2
674620109,,0,0.0,37.1,1.0,8.3,,0.0,0.0,0.0,204.0,1.7,91.8,,0.0,0.0,100.2,101
674630000,,0,0.0,906.5,7.3,204.0,716.1,14.0,14.0,1174.4,,0.0,0.0,,0.0,0.0,1378.4,1379
674640000,,0,0.0,,0.0,0.0,,0.0,0.0,0.0,,0.0,0.0,,0.0,0.0,0.0,0
674650000,,0,0.0,47.8,2.0,10.8,277.1,5.3,5.3,454.5,,0.0,0.0,,0.0,0.0,465.3,466
674660000,,0,0.0,24.0,1.0,5.4,56.9,1.1,1.1,93.3,,0.0,0.0,,0.0,0.0,98.7,99
674670000,,0,0.0,,0.0,0.0,,0.0,0.0,0.0,,0.0,0.0,,0.0,0.0,0.0,0
674680000,,0,0.0,,0.0,0.0,,0.0,0.0,0.0,,0.0,0.0,,0.0,0.0,0.0,0
674700000,,0,0.0,,0.0,0.0,,0.0,0.0,0.0,,0.0,0.0,,0.0,0.0,0.0,0
674710101,,0,0.0,1614.8,12.9,363.3,224.7,4.2,4.2,368.6,,0.0,0.0,,0.0,0.0,731.9,732
674710102,,0,0.0,1323.1,10.6,297.7,224.6,4.2,4.2,368.4,,0.0,0.0,,0.0,0.0,666.1,667
674720000,,0,0.0,,0.0,0.0,824.8,15.5,15.5,1352.7,,0.0,0.0,,0.0,0.0,1352.7,1353
674730000,,0,0.0,,0.0,0.0,,0.0,0.0,0.0,,0.0,0.0,,0.0,0.0,0.0,0
674740000,,0,0.0,936.5,8.2,210.7,471.1,8.9,8.9,772.5,,0.0,0.0,,0.0,0.0,983.2,984
674750000,,0,0.0,,0.0,0.0,85.6,1.6,1.6,140.3,,0.0,0.0,,0.0,0.0,140.3,141
674760000,,0,0.0,,0.0,0.0,,0.0,0.0,0.0,,0.0,0.0,,0.0,0.0,0.0,0
674770000,,0,0.0,,0.0,0.0,,0.0,0.0,0.0,,0.0,0.0,,0.0,0.0,0.0,0
674780000,,0,0.0,,0.0,0.0,69.7,1.3,1.3,114.3,,0.0,0.0,,0.0,0.0,114.3,115
674790000,,0,0.0,,0.0,0.0,85.2,1.6,1.6,139.7,,0.0,0.0,,0.0,0.0,139.7,140
674800000,,0,0.0,,0.0,0.0,160.0,3.0,3.0,262.4,,0.0,0.0,,0.0,0.0,262.4,263
674810000,,0,0.0,106.6,2.0,24.0,,0.0,0.0,0.0,,0.0,0.0,,0.0,0.0,24.0,24
674820101,,0,0.0,5851.5,46.8,1316.6,2720.0,51.1,51.1,4460.8,,0.0,0.0,,0.0,0.0,5777.4,5778
674820102,,0,0.0,9642.2,77.1,2169.5,4119.3,77.4,77.4,6755.7,,0.0,0.0,21151.5,353.2,4230.3,13155.5,13156
674820201,,0,0.0,,0.0,0.0,3840.0,72.2,72.2,6297.6,,0.0,0.0,,0.0,0.0,6297.6,6298
674820202,,0,0.0,551.8,4.4,124.2,3670.5,69.0,69.0,6019.7,1000.0,8.3,450.0,,0.0,0.0,6593.8,6594
674820203,,0,0.0,,0.0,0.0,3360.0,63.2,63.2,5510.4,1000.0,8.3,450.0,,0.0,0.0,5960.4,5961
674820204,228697.3,2973.065378,8004.4,12302.2,98.4,2768.0,1348.3,25.3,25.3,2211.2,,0.0,0.0,,0.0,0.0,4979.2,4980
674820301,,0,0.0,,0.0,0.0,640.0,12.0,12.0,1049.6,2000.0,16.6,900.0,,0.0,0.0,1949.6,1950
674820302,,0,0.0,,0.0,0.0,640.0,12.0,12.0,1049.6,,0.0,0.0,,0.0,0.0,1049.6,1050
674820303,,0,0.0,8012.2,64.1,1802.7,640.0,12.0,12.0,1049.6,,0.0,0.0,25898.5,432.5,5179.7,8032.0,8033
674820304,,0,0.0,,0.0,0.0,1920.0,36.1,36.1,3148.8,,0.0,0.0,,0.0,0.0,3148.8,3149
674820305,,0,0.0,,0.0,0.0,1600.0,30.1,30.1,2624.0,,0.0,0.0,,0.0,0.0,2624.0,2624
674820401,,0,0.0,,0.0,0.0,800.0,15.0,15.0,1312.0,,0.0,0.0,,0.0,0.0,1312.0,1312
674820402,35841.9,465.944661,1254.5,,0.0,0.0,1280.0,24.1,24.1,2099.2,,0.0,0.0,,0.0,0.0,2099.2,2100
674820501,38.8,2,2.0,,0.0,0.0,160.0,3.0,3.0,262.4,,0.0,0.0,,0.0,0.0,262.4,263
674820502,,0,0.0,,0.0,0.0,640.0,12.0,12.0,1049.6,,0.0,0.0,,0.0,0.0,1049.6,1050
674820503,,0,0.0,,0.0,0.0,800.0,15.0,15.0,1312.0,,0.0,0.0,,0.0,0.0,1312.0,1312
674820601,,0,0.0,11023.9,88.2,2480.4,960.0,18.0,18.0,1574.4,,0.0,0.0,1639.8,27.4,328.0,4382.8,4383
674820602,,0,0.0,,0.0,0.0,556.8,10.5,10.5,913.2,,0.0,0.0,,0.0,0.0,913.2,914
674820603,,0,0.0,18401.9,148.8,4140.4,549.1,10.3,10.3,900.6,3000.0,24.9,1350.0,,0.0,0.0,6391.0,6392
674820701,,0,0.0,8141.1,68.6,1831.7,728.7,13.7,13.7,1195.0,,0.0,0.0,,0.0,0.0,3026.8,3027
674820702,5619.2,73.0489617,196.7,,0.0,0.0,,0.0,0.0,0.0,,0.0,0.0,,0.0,0.0,0.0,0
674820801,,0,0.0,,0.0,0.0,,0.0,0.0,0.0,,0.0,0.0,,0.0,0.0,0.0,0
674820802,,0,0.0,3804.2,30.4,856.0,480.0,9.0,9.0,787.2,,0.0,0.0,,0.0,0.0,1643.2,1644
674820803,,0,0.0,,0.0,0.0,160.0,3.0,3.0,262.4,,0.0,0.0,,0.0,0.0,262.4,263
674820804,,0,0.0,6208.7,51.6,1397.0,960.0,18.0,18.0,1574.4,,0.0,0.0,356.6,6.0,71.3,3042.7,3043
674820901,,0,0.0,,0.0,0.0,1120.0,21.1,21.1,1836.8,,0.0,0.0,,0.0,0.0,1836.8,1837
674820902,,0,0.0,,0.0,0.0,160.0,3.0,3.0,262.4,,0.0,0.0,,0.0,0.0,262.4,263
674820903,,0,0.0,1703.7,13.6,383.3,800.0,15.0,15.0,1312.0,,0.0,0.0,,0.0,0.0,1695.3,1696
674821001,,0,0.0,21395.9,171.2,4814.1,480.0,9.0,9.0,787.2,,0.0,0.0,,0.0,0.0,5601.3,5602
674821002,,0,0.0,9099.4,72.8,2047.4,320.0,6.0,6.0,524.8,,0.0,0.0,,0.0,0.0,2572.2,2573
674821004,,0,0.0,,0.0,0.0,,0.0,0.0,0.0,,0.0,0.0,,0.0,0.0,0.0,0
674821005,,0,0.0,8369.1,67.0,1883.1,320.0,6.0,6.0,524.8,,0.0,0.0,,0.0,0.0,2407.9,2408
674821101,27066.5,351.8643752,947.3,,0.0,0.0,1280.0,24.1,24.1,2099.2,,0.0,0.0,,0.0,0.0,2099.2,2100
674821102,,0,0.0,,0.0,0.0,1218.2,22.9,22.9,1997.8,,0.0,0.0,,0.0,0.0,1997.8,1998
674821103,,0,0.0,,0.0,0.0,2620.2,49.3,49.3,4297.1,,0.0,0.0,,0.0,0.0,4297.1,4298
674821104,,0,0.0,5213.6,41.7,1173.1,2240.0,42.1,42.1,3673.6,,0.0,0.0,,0.0,0.0,4846.7,4847
674821201,,0,0.0,,0.0,0.0,320.0,6.0,6.0,524.8,,0.0,0.0,,0.0,0.0,524.8,525
674821202,,0,0.0,,0.0,0.0,480.0,9.0,9.0,787.2,,0.0,0.0,,0.0,0.0,787.2,788
674821203,,0,0.0,,0.0,0.0,320.0,6.0,6.0,524.8,,0.0,0.0,,0.0,0.0,524.8,525
674821204,,0,0.0,1950.0,15.6,438.7,160.0,3.0,3.0,262.4,,0.0,0.0,,0.0,0.0,701.1,702
674821205,,0,0.0,14937.4,119.5,3360.9,160.0,3.0,3.0,262.4,,0.0,0.0,,0.0,0.0,3623.3,3624
674821206,,0,0.0,438.2,3.5,98.6,1120.0,21.1,21.1,1836.8,,0.0,0.0,,0.0,0.0,1935.4,1936
674821207,,0,0.0,394.4,3.2,88.7,960.0,18.0,18.0,1574.4,1000.0,8.3,450.0,,0.0,0.0,2113.1,2114
674821301,,0,0.0,878.9,7.0,197.8,,0.0,0.0,0.0,,0.0,0.0,,0.0,0.0,197.8,198
674821302,3153.0,40.988428,110.4,2510.5,20.1,564.9,,0.0,0.0,0.0,,0.0,0.0,,0.0,0.0,564.9,565
674821303,,0,0.0,,0.0,0.0,,0.0,0.0,0.0,,0.0,0.0,,0.0,0.0,0.0,0
674821401,,0,0.0,,0.0,0.0,,0.0,0.0,0.0,,0.0,0.0,,0.0,0.0,0.0,0
674821402,,0,0.0,,0.0,0.0,,0.0,0.0,0.0,,0.0,0.0,,0.0,0.0,0.0,0
674821403,,0,0.0,,0.0,0.0,320.0,6.0,6.0,524.8,,0.0,0.0,,0.0,0.0,524.8,525
674821404,,0,0.0,,0.0,0.0,,0.0,0.0,0.0,,0.0,0.0,,0.0,0.0,0.0,0
674821405,,0,0.0,458.6,3.7,103.2,320.0,6.0,6.0,524.8,,0.0,0.0,,0.0,0.0,628.0,628
674821501,,0,0.0,,0.0,0.0,160.0,3.0,3.0,262.4,,0.0,0.0,,0.0,0.0,262.4,263
674821502,,0,0.0,3651.6,29.2,821.6,575.6,10.8,10.8,944.0,,0.0,0.0,,0.0,0.0,1765.6,1766
674821503,,0,0.0,9930.8,80.6,2234.4,800.0,15.0,15.0,1312.0,,0.0,0.0,,0.0,0.0,3546.4,3547
674821601,,0,0.0,1768.3,14.1,397.9,,0.0,0.0,0.0,,0.0,0.0,,0.0,0.0,397.9,398
674821603,,0,0.0,170.0,2.0,38.2,640.0,12.0,12.0,1049.6,,0.0,0.0,,0.0,0.0,1087.8,1088
674821604,,0,0.0,,0.0,0.0,,0.0,0.0,0.0,,0.0,0.0,,0.0,0.0,0.0,0
674821605,,0,0.0,976.2,7.8,219.6,,0.0,0.0,0.0,,0.0,0.0,,0.0,0.0,219.6,220
674821606,,0,0.0,1093.0,8.7,245.9,160.0,3.0,3.0,262.4,,0.0,0.0,,0.0,0.0,508.3,509
674821701,,0,0.0,3496.5,28.0,786.7,160.0,3.0,3.0,262.4,,0.0,0.0,,0.0,0.0,1049.1,1050
674821702,,0,0.0,5565.5,44.5,1252.2,,0.0,0.0,0.0,,0.0,0.0,,0.0,0.0,1252.2,1253
674821703,,0,0.0,675.0,5.4,151.9,160.0,3.0,3.0,262.4,,0.0,0.0,,0.0,0.0,414.3,415
674821704,,0,0.0,1963.8,15.7,441.9,160.0,3.0,3.0,262.4,,0.0,0.0,,0.0,0.0,704.3,705
674821705,351098.6,4564.998472,12288.5,1318.8,10.6,296.7,320.0,6.0,6.0,524.8,,0.0,0.0,,0.0,0.0,821.5,822
674821706,,0,0.0,,0.0,0.0,160.0,3.0,3.0,262.4,,0.0,0.0,,0.0,0.0,262.4,263
674821801,,0,0.0,1763.2,14.1,396.7,160.0,3.0,3.0,262.4,,0.0,0.0,,0.0,0.0,659.1,660
674821802,,0,0.0,,0.0,0.0,,0.0,0.0,0.0,,0.0,0.0,,0.0,0.0,0.0,0
674821803,19390.8,252.080907,678.7,,0.0,0.0,160.0,3.0,3.0,262.4,,0.0,0.0,,0.0,0.0,262.4,263
674821804,,0,0.0,,0.0,0.0,320.0,6.0,6.0,524.8,,0.0,0.0,,0.0,0.0,524.8,525
674821901,,0,0.0,448.8,3.6,101.0,320.0,6.0,6.0,524.8,,0.0,0.0,,0.0,0.0,625.8,626
674821902,,0,0.0,,0.0,0.0,160.0,3.0,3.0,262.4,,0.0,0.0,,0.0,0.0,262.4,263
674821903,,0,0.0,,0.0,0.0,800.0,15.0,15.0,1312.0,,0.0,0.0,,0.0,0.0,1312.0,1312
674821904,,0,0.0,,0.0,0.0,1600.0,30.1,30.1,2624.0,,0.0,0.0,,0.0,0.0,2624.0,2624
674821905,,0,0.0,2874.7,23.0,646.8,160.0,3.0,3.0,262.4,,0.0,0.0,,0.0,0.0,909.2,910
674822001,,0,0.0,,0.0,0.0,,0.0,0.0,0.0,,0.0,0.0,,0.0,0.0,0.0,0
674822002,,0,0.0,114.5,1.0,25.8,,0.0,0.0,0.0,,0.0,0.0,,0.0,0.0,25.8,26
674822101,,0,0.0,558.6,5.3,125.7,856.5,16.1,16.1,1404.6,,0.0,0.0,,0.0,0.0,1530.3,1531
674822102,,0,0.0,2083.5,16.7,468.8,114.2,2.2,2.2,187.4,,0.0,0.0,,0.0,0.0,656.2,657
674822103,29151.7,378.9717256,1020.3,4430.5,35.4,996.9,,0.0,0.0,0.0,,0.0,0.0,,0.0,0.0,996.9,997
674822104,,0,0.0,,0.0,0.0,800.0,15.0,15.0,1312.0,,0.0,0.0,,0.0,0.0,1312.0,1312
674822105,34296.1,447.9321266,1201.0,16289.3,135.6,3665.1,378.5,7.1,7.1,620.7,,0.0,0.0,,0.0,0.0,4285.8,4286
674822106,,0,0.0,2943.8,25.2,662.4,52.2,1.0,1.0,85.6,,0.0,0.0,,0.0,0.0,748.0,748
674822201,,0,0.0,7953.1,63.6,1789.5,,0.0,0.0,0.0,,0.0,0.0,,0.0,0.0,1789.5,1790
674822202,53099.4,690.2918464,1858.5,785.1,6.3,176.7,708.3,13.3,13.3,1161.5,,0.0,0.0,,0.0,0.0,1338.2,1339
674822206,,0,0.0,,0.0,0.0,36.1,1.0,1.0,59.2,,0.0,0.0,,0.0,0.0,59.2,60
674822301,,0,0.0,982.7,7.9,221.1,,0.0,0.0,0.0,,0.0,0.0,,0.0,0.0,221.1,222
674822302,,0,0.0,,0.0,0.0,246.9,4.6,4.6,404.9,,0.0,0.0,,0.0,0.0,404.9,405
674822303,,0,0.0,964.4,7.7,217.0,160.0,3.0,3.0,262.4,,0.0,0.0,,0.0,0.0,479.4,480
674822304,,0,0.0,181.0,1.4,40.7,332.2,6.2,6.2,544.8,,0.0,0.0,,0.0,0.0,585.5,586
674822305,,0,0.0,9673.9,77.4,2176.6,160.0,3.0,3.0,262.4,,0.0,0.0,6385.3,106.6,1277.1,3716.1,3717
674822401,,0,0.0,,0.0,0.0,640.0,12.0,12.0,1049.6,,0.0,0.0,,0.0,0.0,1049.6,1050
674822402,,0,0.0,1903.6,16.4,428.3,,0.0,0.0,0.0,,0.0,0.0,,0.0,0.0,428.3,429
674822403,,0,0.0,,0.0,0.0,403.2,7.6,7.6,661.3,,0.0,0.0,,0.0,0.0,661.3,662
674822404,,0,0.0,,0.0,0.0,480.0,9.0,9.0,787.2,,0.0,0.0,,0.0,0.0,787.2,788
674822405,,0,0.0,,0.0,0.0,960.0,18.0,18.0,1574.4,,0.0,0.0,,0.0,0.0,1574.4,1575
674822407,,0,0.0,,0.0,0.0,395.4,7.4,7.4,648.5,,0.0,0.0,,0.0,0.0,648.5,649
674822501,,0,0.0,,0.0,0.0,478.8,9.0,9.0,785.3,,0.0,0.0,,0.0,0.0,785.3,786
674822502,,0,0.0,,0.0,0.0,,0.0,0.0,0.0,,0.0,0.0,,0.0,0.0,0.0,0
674822503,,0,0.0,,0.0,0.0,160.0,3.0,3.0,262.4,,0.0,0.0,,0.0,0.0,262.4,263
674822601,,0,0.0,3465.5,27.7,779.7,,0.0,0.0,0.0,,0.0,0.0,,0.0,0.0,779.7,780
674822602,,0,0.0,963.7,7.7,216.8,480.0,9.0,9.0,787.2,,0.0,0.0,,0.0,0.0,1004.0,1005
674822702,,0,0.0,,0.0,0.0,,0.0,0.0,0.0,,0.0,0.0,,0.0,0.0,0.0,0
674822703,,0,0.0,1025.3,8.2,230.7,,0.0,0.0,0.0,,0.0,0.0,,0.0,0.0,230.7,231
674822801,,0,0.0,1119.9,9.0,252.0,,0.0,0.0,0.0,,0.0,0.0,,0.0,0.0,252.0,252
674822802,,0,0.0,,0.0,0.0,,0.0,0.0,0.0,,0.0,0.0,,0.0,0.0,0.0,0
674822804,,0,0.0,4978.4,40.2,1120.1,,0.0,0.0,0.0,,0.0,0.0,,0.0,0.0,1120.1,1121
674822901,,0,0.0,,0.0,0.0,,0.0,0.0,0.0,,0.0,0.0,,0.0,0.0,0.0,0
674822902,,0,0.0,,0.0,0.0,160.0,3.0,3.0,262.4,,0.0,0.0,,0.0,0.0,262.4,263
674823001,,0,0.0,,0.0,0.0,160.0,3.0,3.0,262.4,,0.0,0.0,,0.0,0.0,262.4,263
674823002,,0,0.0,762.7,6.1,171.6,,0.0,0.0,0.0,,0.0,0.0,,0.0,0.0,171.6,172
674823003,,0,0.0,,0.0,0.0,,0.0,0.0,0.0,,0.0,0.0,,0.0,0.0,0.0,0
674830000,,0,0.0,,0.0,0.0,,0.0,0.0,0.0,,0.0,0.0,,0.0,0.0,0.0,0
674840000,,0,0.0,,0.0,0.0,,0.0,0.0,0.0,,0.0,0.0,,0.0,0.0,0.0,0
674850000,,0,0.0,,0.0,0.0,193.5,3.6,3.6,317.3,,0.0,0.0,,0.0,0.0,317.3,318
674860000,,0,0.0,,0.0,0.0,423.6,8.3,8.3,694.7,,0.0,0.0,,0.0,0.0,694.7,695
674870000,,0,0.0,,0.0,0.0,160.0,3.0,3.0,262.4,,0.0,0.0,,0.0,0.0,262.4,263
674880000,,0,0.0,,0.0,0.0,,0.0,0.0,0.0,,0.0,0.0,,0.0,0.0,0.0,0
674890000,,0,0.0,,0.0,0.0,,0.0,0.0,0.0,,0.0,0.0,,0.0,0.0,0.0,0
674900000,,0,0.0,11.0,1.0,2.5,160.0,3.0,3.0,262.4,,0.0,0.0,,0.0,0.0,264.9,265
674910000,,0,0.0,,0.0,0.0,,0.0,0.0,0.0,,0.0,0.0,,0.0,0.0,0.0,0
674920000,,0,0.0,,0.0,0.0,71.3,1.3,1.3,117.0,,0.0,0.0,,0.0,0.0,117.0,118
674930000,,0,0.0,,0.0,0.0,,0.0,0.0,0.0,,0.0,0.0,,0.0,0.0,0.0,0
674940000,,0,0.0,,0.0,0.0,,0.0,0.0,0.0,,0.0,0.0,,0.0,0.0,0.0,0
674950000,,0,0.0,1586.3,13.3,356.9,380.3,7.1,7.1,623.6,,0.0,0.0,,0.0,0.0,980.5,981
674970000,,0,0.0,,0.0,0.0,,0.0,0.0,0.0,,0.0,0.0,,0.0,0.0,0.0,0
674980000,,0,0.0,,0.0,0.0,,0.0,0.0,0.0,,0.0,0.0,,0.0,0.0,0.0,0
674990000,,0,0.0,,0.0,0.0,160.0,3.0,3.0,262.4,,0.0,0.0,,0.0,0.0,262.4,263
675000000,,0,0.0,168.7,4.0,37.9,160.0,3.0,3.0,262.4,,0.0,0.0,,0.0,0.0,300.3,301
675010000,,0,0.0,,0.0,0.0,,0.0,0.0,0.0,,0.0,0.0,,0.0,0.0,0.0,0
675020000,,0,0.0,,0.0,0.0,,0.0,0.0,0.0,,0.0,0.0,,0.0,0.0,0.0,0
675030000,,0,0.0,,0.0,0.0,,0.0,0.0,0.0,,0.0,0.0,,0.0,0.0,0.0,0
675040000,,0,0.0,24.8,2.0,5.6,160.0,3.0,3.0,262.4,,0.0,0.0,,0.0,0.0,268.0,268
675050000,,0,0.0,,0.0,0.0,,0.0,0.0,0.0,,0.0,0.0,,0.0,0.0,0.0,0
675060101,,0,0.0,1812.7,14.5,407.8,640.0,12.0,12.0,1049.6,,0.0,0.0,,0.0,0.0,1457.4,1458
675060102,,0,0.0,3628.6,29.1,816.4,640.0,12.0,12.0,1049.6,,0.0,0.0,,0.0,0.0,1866.0,1867
675070000,,0,0.0,2722.8,28.0,612.6,1267.1,23.9,23.9,2078.1,,0.0,0.0,,0.0,0.0,2690.7,2691
675080000,,0,0.0,,0.0,0.0,,0.0,0.0,0.0,,0.0,0.0,,0.0,0.0,0.0,0
675090000,,0,0.0,,0.0,0.0,160.0,3.0,3.0,262.4,,0.0,0.0,,0.0,0.0,262.4,263
675100000,,0,0.0,,0.0,0.0,,0.0,0.0,0.0,,0.0,0.0,,0.0,0.0,0.0,0
675110000,,0,0.0,113.1,1.0,25.5,,0.0,0.0,0.0,,0.0,0.0,,0.0,0.0,25.5,26
675130000,,0,0.0,601.6,4.8,135.3,,0.0,0.0,0.0,,0.0,0.0,951.2,15.9,190.2,325.6,326
675140000,,0,0.0,,0.0,0.0,160.0,3.0,3.0,262.4,,0.0,0.0,,0.0,0.0,262.4,263
675150000,,0,0.0,,0.0,0.0,,0.0,0.0,0.0,,0.0,0.0,,0.0,0.0,0.0,0
675160000,,0,0.0,,0.0,0.0,160.0,3.0,3.0,262.4,,0.0,0.0,,0.0,0.0,262.4,263
675170000,,0,0.0,131.9,2.0,29.7,,0.0,0.0,0.0,,0.0,0.0,,0.0,0.0,29.7,30
675190101,,0,0.0,2866.9,23.2,645.0,707.9,13.3,13.3,1161.0,,0.0,0.0,,0.0,0.0,1806.0,1807
675190102,,0,0.0,12061.7,99.8,2713.9,960.0,18.0,18.0,1574.4,,0.0,0.0,7237.5,120.9,1447.5,5735.8,5736
675200101,,0,0.0,1150.0,10.3,258.7,459.7,8.6,8.6,753.8,,0.0,0.0,,0.0,0.0,1012.6,1013
675200102,,0,0.0,,0.0,0.0,451.6,8.7,8.7,740.6,,0.0,0.0,,0.0,0.0,740.6,741
675210000,,0,0.0,,0.0,0.0,89.6,1.7,1.7,146.9,,0.0,0.0,,0.0,0.0,146.9,147
675220000,,0,0.0,,0.0,0.0,,0.0,0.0,0.0,,0.0,0.0,,0.0,0.0,0.0,0
675230000,,0,0.0,,0.0,0.0,,0.0,0.0,0.0,,0.0,0.0,,0.0,0.0,0.0,0
675240000,,0,0.0,,0.0,0.0,,0.0,0.0,0.0,,0.0,0.0,,0.0,0.0,0.0,0
675250000,,0,0.0,,0.0,0.0,,0.0,0.0,0.0,,0.0,0.0,,0.0,0.0,0.0,0
675260000,,0,0.0,141.7,3.0,31.9,,0.0,0.0,0.0,,0.0,0.0,,0.0,0.0,31.9,32
675270000,,0,0.0,,0.0,0.0,,0.0,0.0,0.0,,0.0,0.0,,0.0,0.0,0.0,0
675280000,,0,0.0,,0.0,0.0,,0.0,0.0,0.0,,0.0,0.0,,0.0,0.0,0.0,0
675290000,,0,0.0,,0.0,0.0,160.0,3.0,3.0,262.4,,0.0,0.0,,0.0,0.0,262.4,263
675300000,,0,0.0,,0.0,0.0,,0.0,0.0,0.0,,0.0,0.0,,0.0,0.0,0.0,0
675310000,,0,0.0,,0.0,0.0,160.0,3.0,3.0,262.4,,0.0,0.0,,0.0,0.0,262.4,263
675320000,,0,0.0,103.2,1.0,23.2,,0.0,0.0,0.0,,0.0,0.0,,0.0,0.0,23.2,24
675340000,,0,0.0,,0.0,0.0,156.2,2.9,2.9,256.2,,0.0,0.0,,0.0,0.0,256.2,257
675350000,,0,0.0,,0.0,0.0,320.0,6.0,6.0,524.8,,0.0,0.0,,0.0,0.0,524.8,525
675360000,,0,0.0,,0.0,0.0,160.0,3.0,3.0,262.4,,0.0,0.0,,0.0,0.0,262.4,263
675370000,,0,0.0,,0.0,0.0,54.1,1.0,1.0,88.7,,0.0,0.0,,0.0,0.0,88.7,89
675380000,,0,0.0,,0.0,0.0,480.0,9.0,9.0,787.2,1000.0,8.3,450.0,,0.0,0.0,1237.2,1238
675390000,,0,0.0,1077.9,9.5,242.5,212.6,4.0,4.0,348.6,,0.0,0.0,,0.0,0.0,591.1,592
675400000,,0,0.0,,0.0,0.0,,0.0,0.0,0.0,,0.0,0.0,,0.0,0.0,0.0,0
675410000,,0,0.0,50.5,1.0,11.4,,0.0,0.0,0.0,,0.0,0.0,,0.0,0.0,11.4,12
675420000,,0,0.0,,0.0,0.0,,0.0,0.0,0.0,,0.0,0.0,,0.0,0.0,0.0,0
675430000,,0,0.0,1093.8,11.1,246.1,108.8,2.3,2.3,178.5,,0.0,0.0,,0.0,0.0,424.6,425
675440101,,0,0.0,964.3,7.7,217.0,3170.8,60.9,60.9,5200.1,,0.0,0.0,1994.7,33.3,398.9,5816.0,5816
675440102,28348.2,368.5270355,992.2,,0.0,0.0,160.0,3.0,3.0,262.4,,0.0,0.0,,0.0,0.0,262.4,263
675440103,,0,0.0,2242.4,18.3,504.5,347.8,7.0,7.0,570.5,,0.0,0.0,,0.0,0.0,1075.0,1076
675440201,,0,0.0,,0.0,0.0,71.7,1.3,1.3,117.6,,0.0,0.0,,0.0,0.0,117.6,118
675440202,,0,0.0,6550.9,60.6,1474.0,604.4,11.4,11.4,991.2,,0.0,0.0,,0.0,0.0,2465.1,2466
675450000,,0,0.0,,0.0,0.0,160.0,3.0,3.0,262.4,,0.0,0.0,,0.0,0.0,262.4,263
675460000,,0,0.0,,0.0,0.0,,0.0,0.0,0.0,,0.0,0.0,,0.0,0.0,0.0,0
675470000,,0,0.0,,0.0,0.0,,0.0,0.0,0.0,,0.0,0.0,,0.0,0.0,0.0,0
675480000,,0,0.0,367.4,4.0,82.7,68.4,1.3,1.3,112.2,,0.0,0.0,,0.0,0.0,194.8,195
675500000,,0,0.0,394.2,5.7,88.7,544.2,10.4,10.4,892.4,,0.0,0.0,,0.0,0.0,981.1,982
675510000,,0,0.0,55.3,1.0,12.4,320.0,6.0,6.0,524.8,,0.0,0.0,,0.0,0.0,537.2,538
675520000,,0,0.0,,0.0,0.0,,0.0,0.0,0.0,,0.0,0.0,,0.0,0.0,0.0,0
675530000,,0,0.0,,0.0,0.0,160.0,3.0,3.0,262.4,,0.0,0.0,,0.0,0.0,262.4,263
675540000,,0,0.0,7.2,1.0,1.6,,0.0,0.0,0.0,,0.0,0.0,,0.0,0.0,1.6,2
675550000,,0,0.0,,0.0,0.0,,0.0,0.0,0.0,,0.0,0.0,,0.0,0.0,0.0,0
675560000,,0,0.0,,0.0,0.0,,0.0,0.0,0.0,,0.0,0.0,,0.0,0.0,0.0,0
675570000,,0,0.0,,0.0,0.0,143.4,2.7,2.7,235.2,,0.0,0.0,,0.0,0.0,235.2,236
675580000,,0,0.0,,0.0,0.0,98.9,2.0,2.0,162.2,,0.0,0.0,,0.0,0.0,162.2,163
675590000,,0,0.0,,0.0,0.0,,0.0,0.0,0.0,,0.0,0.0,,0.0,0.0,0.0,0
(blank),,,,,,,,,,,,,,,,,0.0,0
Grand Total,1168638.8,15290.32728,40953.9,557977.5,4859.7,125544.9,174084.0,3301.5,3301.5,285497.7,12204.0,101.3,5491.8,101208.2,1697.7,20241.6,436776.1,436777
